DP Normalizado,Tm # Normalizado,Pos # Normalizado,Age Normalizado,AltAAV Cat,C# Norm,Grade,SPORQ Normalizado
0,0,0,0.3333333333,2,0,1,0.705341152
0,0.0303030303,0.7142857143,0.5,1,0,0.9459459459,0.6233168919
0,0.06060606061,0.4285714286,0.3333333333,0,0.07142857143,0.9009009009,0.5048201605
0,0.09090909091,0.3571428571,0.1666666667,2,0.1428571429,0.8918918919,0.8043003596
0,0.1212121212,0.4285714286,0.1666666667,1,0.07142857143,0.8234234234,0.6402172717
0.1111111111,0.1515151515,0.2857142857,0.3333333333,1,0.2142857143,0.8558558559,0.776091453
0.1111111111,0.1818181818,0.2857142857,0.1666666667,2,0.07142857143,0.8648648649,0.5567335771
0.1111111111,0.2121212121,0.2857142857,0.1666666667,1,0.07142857143,0.8198198198,0.4744713598
0.1111111111,0.2424242424,0.07142857143,0.6666666667,1,0.2857142857,0.6936936937,0.8008241648
0.1111111111,0.2727272727,0.07142857143,0.3333333333,1,0.1428571429,0.8378378378,0.5405930762
0.1111111111,0.303030303,0.07142857143,0.5,1,0.07142857143,0.8828828829,0.7053825549
0.1111111111,0.3333333333,0.07142857143,0.5,0,0.3571428571,0.7747747748,0.6563881098
0.1111111111,0.3636363636,0.1428571429,0.3333333333,1,0.2857142857,0.8468468468,0.6193779146
0.2222222222,0.3939393939,0.07142857143,0.3333333333,1,0.1428571429,0.7693693694,0.7127603266
0.2222222222,0.4242424242,0.7142857143,0.5,1,0.4285714286,0.8558558559,0.3902425198
0.2222222222,0.4545454545,0.6428571429,0.3333333333,1,0,0.9189189189,0.5292761954
0.2222222222,0.4848484848,0.07142857143,0.3333333333,1,0.4285714286,0.8018018018,0.6282642629
0.2222222222,0.5151515152,0.6428571429,0.3333333333,1,0.4285714286,0.7837837838,0.4983424499
0.2222222222,0.5454545455,0.07142857143,0.3333333333,0,0,0.8108108108,0.829520746
0.2222222222,0.0303030303,0.4285714286,0.5,1,0.5,0.7747747748,0.6311086015
0.2222222222,0.5757575758,0.2142857143,0.5,1,0.3571428571,0.8018018018,0.7224410113
0.2222222222,0.6060606061,0.2142857143,0.1666666667,0,0.1428571429,0.7837837838,0.8104401213
0.3333333333,0.2121212121,0.1428571429,0.5,0,0.5714285714,0.7513513514,0.5710844032
0.3333333333,0.6363636364,0.2857142857,0.3333333333,1,0.2142857143,0.1081081081,0.6801604251
0.3333333333,0.6666666667,0.7142857143,0.5,1,0,0.7387387387,0.2755593302
0.3333333333,0.696969697,0.3571428571,0.5,0,0.1428571429,0.8108108108,0.6805287079
0.3333333333,0.2121212121,0.4285714286,0.5,1,0.6428571429,0.8018018018,0.5573381783
0.3333333333,0.09090909091,0.6428571429,0.5,0,0.7142857143,0.7603603604,0.4973159491
0.3333333333,0.1212121212,0.6428571429,0.3333333333,1,0.07142857143,0.8378378378,0.396578537
0.3333333333,0.2727272727,0.1428571429,0.1666666667,0,0.1428571429,0.8018018018,0.7322520479
0.3333333333,0.1515151515,0.7142857143,0.3333333333,0,0.4285714286,0.7387387387,0.3911667742
0.3333333333,0.1818181818,0.3571428571,0.1666666667,1,0,0.6882882883,0.8454325455
0.4444444444,0.303030303,0.2857142857,0.3333333333,0,0.2142857143,0.7657657658,0.7552602908
0.4444444444,0.2121212121,0.2142857143,0.3333333333,0,0.2142857143,0.6342342342,0.4869317149
0.4444444444,0.5454545455,0.2857142857,0.3333333333,0,0.4285714286,0.7747747748,0.5713466136
0.4444444444,0.4545454545,0.7142857143,0.3333333333,0,0.4285714286,0.8018018018,0.3956672204
0.4444444444,0.5757575758,0.3571428571,0.3333333333,1,0.4285714286,0.8108108108,0.656677791
0.4444444444,0.1818181818,0.07142857143,0.6666666667,0,0.7857142857,0.7747747748,0.5785470382
0.4444444444,0.7272727273,0.7142857143,0.5,1,0.2857142857,0.7477477477,0.512797412
0.4444444444,0.7575757576,0.2142857143,0.3333333333,0,0,0.5765765766,0.6085923662
0.4444444444,0.5454545455,0.4285714286,0.3333333333,1,0.07142857143,0.5801801802,0.582921627
0.4444444444,0.6060606061,0.1428571429,0.1666666667,1,0.07142857143,0.8018018018,0.4780335639
0.4444444444,0,0.7857142857,0.3333333333,0,0.1428571429,0.7693693694,0.5470208182
0.5555555556,0.2121212121,0.4285714286,0.3333333333,0,0.6428571429,0.7567567568,0.5806739749
0.5555555556,0.0303030303,0.4285714286,0.1666666667,0,0.2142857143,0.6162162162,0.8253402942
0.5555555556,0.4848484848,0.1428571429,0.3333333333,0,0.4285714286,0.5405405405,0.646912523
0.5555555556,0.1212121212,0.1428571429,0.5,0,0.1428571429,0.5045045045,0.5020246041
0.5555555556,0.7878787879,0.6428571429,0.5,0,0.2142857143,0.418018018,0.4013579007
0.5555555556,0.8181818182,0.3571428571,0.1666666667,1,0.1428571429,0.7297297297,0.7016952228
0.5555555556,0.303030303,0.4285714286,0.3333333333,0,0.07142857143,0.6036036036,0.4984253932
0.5555555556,0.1515151515,0.7142857143,0.5,0,0.2857142857,0.7297297297,0.7015747428
0.5555555556,0.2424242424,0,0.5,2,0.4285714286,0.4864864865,0.5643499688
0.5555555556,0.2727272727,0.3571428571,0.5,1,0.5714285714,0.5045045045,0.7749968308
0.5555555556,0.8181818182,0.7857142857,0.3333333333,0,0.07142857143,0.5405405405,0.8210759079
0.5555555556,0.8484848485,0.4285714286,0.5,0,0.2857142857,0.7567567568,0.6967151922
0.5555555556,0.06060606061,0.07142857143,0.3333333333,0,0.3571428571,0.6486486486,0.6576420516
0.5555555556,0.3636363636,0.2857142857,0.3333333333,0,0.4285714286,0.5945945946,0.8570149654
0.5555555556,0.5151515152,0.1428571429,0.5,1,0.4285714286,0.7027027027,0.6414598468
0.5555555556,0.7272727273,0.2142857143,0.1666666667,0,0.2142857143,0.5315315315,0.6521528724
0.5555555556,0.4242424242,0.4285714286,0.5,0,0.5714285714,0.5765765766,0.32267967
0.5555555556,0.4545454545,0.3571428571,0.3333333333,0,0.1428571429,0.6972972973,0.5552756363
0.5555555556,0.3939393939,0.07142857143,0.5,0,0.07142857143,0.4414414414,0.7437545917
0.5555555556,0.8787878788,0.7142857143,0.5,0,0.7857142857,0.1621621622,0.4669884818
0.5555555556,0.5151515152,0.2857142857,0.3333333333,0,0.1428571429,0.7747747748,0.5212222753
0.5555555556,0.9090909091,0.7142857143,1,0,0,0.3153153153,0.4599028903
0.6666666667,0.2121212121,0.1428571429,0.3333333333,0,0.1428571429,0.6936936937,0.5293557434
0.6666666667,0.4848484848,0.8571428571,0.5,1,0.07142857143,0.6612612613,0.4639828435
0.6666666667,0.7878787879,0,0.6666666667,1,0.4285714286,0.5675675676,0.2892509515
0.6666666667,0.1212121212,0.3571428571,0.5,1,0.1428571429,0.5081081081,0.699561283
0.6666666667,0.2424242424,0.2142857143,0.3333333333,0,0.3571428571,0.4774774775,0.6836978428
0.6666666667,0.6363636364,0.9285714286,1,0,0.2857142857,0.4900900901,0.515761414
0.6666666667,0.303030303,0.7857142857,0.3333333333,0,0.5714285714,0.2612612613,0.6407756104
0.6666666667,0.3333333333,0.7857142857,0.5,0,0.2142857143,0.2207207207,0.686857156
0.6666666667,0.8484848485,0.7142857143,0.5,1,0.07142857143,0.7837837838,0.4241351198
0.6666666667,0.06060606061,0.3571428571,0.5,0,0.1428571429,0.3423423423,0.6291305271
0.6666666667,0.2424242424,0.2857142857,0.5,0,0.07142857143,0.3369369369,0.598096246
0.6666666667,0.3636363636,0.4285714286,0.5,0,0.1428571429,0.2702702703,0.630483102
0.6666666667,0.0303030303,0.1428571429,0.3333333333,0,0.07142857143,0.4900900901,0.5682125207
0.6666666667,0.6666666667,0.3571428571,0.5,0,0.3571428571,0.4954954955,0.7103165051
0.6666666667,0.4848484848,0.1428571429,0.3333333333,0,0.4285714286,0.6216216216,0.6117400947
0.6666666667,0.4242424242,0.3571428571,0.1666666667,0,0.2857142857,0.7567567568,0.5996847031
0.6666666667,0.4848484848,0.07142857143,0.5,1,0.4285714286,0.7603603604,0.5153359643
0.6666666667,0.7272727273,0.4285714286,0.3333333333,0,0.8571428571,0.2117117117,0.564929607
0.6666666667,0.6060606061,0.7142857143,0.5,0,0.07142857143,0.5675675676,0.4899744777
0.6666666667,0.5454545455,0.4285714286,0.5,0,0.6428571429,0.2882882883,0.6048026284
0.7777777778,0.6363636364,0.2857142857,0.3333333333,1,0.07142857143,0.1531531532,0.5207312272
0.7777777778,0.4242424242,0.3571428571,0.3333333333,1,0.2142857143,0.2297297297,0.6830691323
0.7777777778,0.0303030303,0.4285714286,0.5,0,0.5,0.3333333333,0.5501600868
0.7777777778,0.7878787879,0.6428571429,0.5,0,0.4285714286,0.1936936937,0.5718279687
0.7777777778,0.696969697,0.3571428571,0.3333333333,0,0.3571428571,0.2252252252,0.5512701993
0.7777777778,0.09090909091,0.4285714286,0.6666666667,1,0.5714285714,0.6036036036,0.5017263453
0.7777777778,0.1212121212,0.9285714286,0.3333333333,0,0.1428571429,0.7423423423,0.3607655616
0.7777777778,0.1212121212,0.3571428571,0.5,0,0.2857142857,0.2072072072,0.6843723524
0.7777777778,0.303030303,0.6428571429,0.6666666667,1,0.4285714286,0.2342342342,0.5154638738
0.7777777778,0.2121212121,0.6428571429,0.5,0,0.07142857143,0.2702702703,0.4813185143
0.7777777778,0.8484848485,0.6428571429,0.3333333333,0,0,0.5585585586,0.3772077307
0.7777777778,0.06060606061,0.1428571429,0.6666666667,0,0.1428571429,0.3009009009,0.5366086574
0.7777777778,0.8787878788,0.2142857143,0.3333333333,0,0.4285714286,0.1801801802,0.674182531
0.7777777778,0.9090909091,0.07142857143,0.6666666667,0,0.4285714286,0.427027027,0.7039109611
0.7777777778,0.4545454545,0.2142857143,0.6666666667,0,0.07142857143,0.5441441441,0.6138337938
0.7777777778,0.6666666667,0.6428571429,0.5,0,0,0.4504504505,0.4852155118
0.7777777778,0.9393939394,0.4285714286,0.3333333333,0,0.6428571429,0.2252252252,0.6658127914
0.7777777778,0.5454545455,0.3571428571,0.3333333333,0,0.1428571429,0.6081081081,0.5153586311
0.7777777778,0.8787878788,0.07142857143,0.6666666667,0,0.5714285714,0.5585585586,0.6327209859
0.7777777778,0.7575757576,0.3571428571,0.5,0,0.5,0.3279279279,0.6154962733
0.7777777778,0.5151515152,0.1428571429,0.3333333333,1,0,0.5855855856,0.4864535327
0.7777777778,0.5151515152,0.4285714286,0.3333333333,0,0.3571428571,0.5675675676,0.6800519943
0.7777777778,0.9090909091,0.1428571429,0.3333333333,0,0,0.6882882883,0.5928510916
0.7777777778,0.7272727273,0.4285714286,0.3333333333,0,0.6428571429,0.5225225225,0.5401362349
0.7777777778,0,0.2142857143,0.3333333333,0,0.07142857143,0.2162162162,0.5588296826
0.8888888889,0.7878787879,0.2142857143,0.5,1,0.7857142857,0.1081081081,0.5878219221
0.8888888889,0.696969697,0.4285714286,0.5,0,0.1428571429,0.3603603604,0.5423075947
0.8888888889,0.8484848485,0.4285714286,0.3333333333,0,0.6428571429,0.1621621622,0.7022951215
0.8888888889,0.9393939394,0.6428571429,0.5,0,0.1428571429,0.1081081081,0.1995143946
0.8888888889,0.1515151515,0.2142857143,0.3333333333,0,0.07142857143,0.5081081081,0.4681217179
0.8888888889,0.8181818182,0.1428571429,0.5,0,0.4285714286,0.5765765766,0.4381693196
0.8888888889,0.8484848485,0,0.5,0,0.3571428571,0.4054054054,0.3263188043
0.8888888889,0.06060606061,0.7857142857,0.5,0,0.2857142857,0.4234234234,0.8310612506
0.8888888889,0.5151515152,0.2142857143,0.5,0,0.4285714286,0.2252252252,0.6166268643
0.8888888889,0.8787878788,0.4285714286,0.3333333333,0,0.07142857143,0.2387387387,0.6438505356
0.8888888889,0.7878787879,0.7142857143,0.5,0,0.6428571429,0.4810810811,0.6011241203
0.8888888889,0.1818181818,0.1428571429,0.5,0,0.4285714286,0.4810810811,0.6738206168
0.8888888889,0.7272727273,0.1428571429,0.3333333333,0,0.1428571429,0.4954954955,0.5923480608
0.8888888889,0.1818181818,0.6428571429,0.6666666667,0,0.1428571429,0.4414414414,0.4043670858
0.8888888889,0.2727272727,0.2142857143,0.5,0,0.2857142857,0.3279279279,0.7038228867
0.8888888889,0.6666666667,0.2857142857,0.5,0,0.3571428571,0.7657657658,0.5576230697
1,0,0.9285714286,0.6666666667,0,0.07142857143,0.1711711712,0.4700645486
1,0.0303030303,0.3571428571,0.5,0,0.1428571429,0.4684684685,0.5943935163
1,0.3636363636,0.07142857143,0.5,0,0.7857142857,0.2792792793,0.7751010169
1,0.8181818182,0.2857142857,0.5,0,0.2857142857,0.4144144144,0.5835534035
1,0.0303030303,0.07142857143,0.3333333333,0,0,0.3333333333,0.5098718397
1,0.8484848485,0.7142857143,0.6666666667,0,0.3571428571,0.381981982,0.4190447416
1,0.06060606061,0.3571428571,0.3333333333,0,0.6428571429,0.2018018018,0.49867573
1,0.2424242424,0.2857142857,0.5,1,0.1428571429,0.1621621622,0.7289509508
1,0.8181818182,0.1428571429,0.3333333333,0,0.3571428571,0.5765765766,0.5974721562
1,0.9090909091,0.3571428571,0.6666666667,0,0.4285714286,0.0900900901,0.5867548415
1,0.5757575758,0.7857142857,0.5,0,0.4285714286,0.1621621622,0.7221037036
1,0.9393939394,0.9285714286,0.6666666667,0,0.4285714286,0.2288288288,0.224947833
1,0.7575757576,0.07142857143,0.3333333333,0,0.1428571429,0.5495495495,0.5907585994
1,0.1515151515,0.1428571429,0.5,0,0.4285714286,0.3243243243,0.7685498206
1,0.6060606061,0.2857142857,1,0,0.1428571429,0.1351351351,0.7363155328
1,0.4545454545,0.7857142857,0.5,0,0,0.2342342342,0.4949666001
1,0.5454545455,0.9285714286,0.3333333333,0,0.1428571429,0.418018018,0.5015680746
1,0.2727272727,0.4285714286,0.5,0,0.07142857143,0.4954954955,0.5249581411
1,0.2727272727,0.1428571429,0.6666666667,0,0.8571428571,0.3783783784,0.5639863504
1,0.6666666667,0.4285714286,0.5,0,0,0.7387387387,0.5299968161
1,0.4545454545,0.4285714286,0.3333333333,0,0.07142857143,0.4414414414,0.5808364935
1,0.4545454545,0.7142857143,0.5,1,0.2142857143,0.1396396396,0.3660348438
1,0.303030303,0.2142857143,0.1666666667,0,0.4285714286,0.3513513514,0.4783726979
1,0,0,0.6666666667,0,0.8571428571,0.2432432432,0.5124247592
0,0.1515151515,0.7142857143,0.3333333333,1,0.8571428571,0.9459459459,0.6546964434
0,0.696969697,0.7142857143,0.1666666667,0,0.07142857143,0.9693693694,0.493925901
0,0.8181818182,0.07142857143,0.5,0,0,0.9369369369,0.6635356688
0,0.1818181818,0.7142857143,0.5,1,0.2857142857,0.9261261261,0.8030817389
0,0.6666666667,0.3571428571,0.3333333333,0,0.07142857143,0.9243243243,0.7586819573
0,0.8484848485,0.6428571429,0.5,0,0.1428571429,0.818018018,0.5283311332
0,0.2121212121,0.1428571429,0.5,0,0.2857142857,0.8990990991,0.4585324635
0,0.2727272727,0.4285714286,0.1666666667,0,0.07142857143,0.9315315315,0.5929905519
0.1111111111,0.9393939394,0.4285714286,0.3333333333,0,0.2857142857,0.8324324324,0.6693508993
0.1111111111,0.7575757576,0.4285714286,0.1666666667,1,0.07142857143,0.7387387387,0.7861244081
0.1111111111,0.6060606061,0.7142857143,0.5,0,0.1428571429,0.5675675676,0.5003218153
0.1111111111,0.3333333333,0.6428571429,0.6666666667,1,0,0.6396396396,0.552841691
0.2222222222,0.5151515152,0.7857142857,0.3333333333,0,0.5,0.7531531532,0.6852435962
0.2222222222,0.8787878788,0.4285714286,0.3333333333,1,0,0.7675675676,0.6595758075
0.2222222222,0.0303030303,0.2857142857,0.1666666667,0,0.07142857143,0.9495495495,0.5245315891
0.2222222222,0,0.07142857143,0.5,0,0.1428571429,0.8414414414,0.5644692647
0.2222222222,0.5454545455,0.07142857143,0.5,0,0,0.7945945946,0.6742982877
0.2222222222,0.4848484848,0.1428571429,0.1666666667,1,0.1428571429,0.8342342342,0.4746003956
0.2222222222,0.6363636364,0.2857142857,0.6666666667,1,0.1428571429,0.7045045045,0.4558541576
0.2222222222,0.2121212121,0.3571428571,0.1666666667,1,0.07142857143,0.7657657658,0.6246118648
0.2222222222,0.06060606061,0.8571428571,0.3333333333,2,0.4285714286,0.6702702703,0.3420310162
0.3333333333,0.1818181818,0.7857142857,0.3333333333,1,0,0.7333333333,0.4906784447
0.3333333333,0.4242424242,0.4285714286,0.3333333333,1,0.07142857143,0.5315315315,0.5760272297
0.3333333333,0.5151515152,0.2142857143,0.1666666667,1,0.1428571429,0.7657657658,0.5889844815
0.3333333333,0.303030303,0.3571428571,0.3333333333,0,0.5,0.8288288288,0.5489700011
0.3333333333,0.1212121212,0.1428571429,0.1666666667,1,0,0.7495495495,0.4275198995
0.3333333333,0.9090909091,0.7142857143,0.6666666667,0,0.1428571429,0.7837837838,0.2879106603
0.3333333333,0.5757575758,0.4285714286,0.5,0,0.07142857143,0.772972973,0.4577923391
0.3333333333,0.06060606061,0.7857142857,0.3333333333,0,0.3571428571,0.6756756757,0.5657704089
0.3333333333,0.4545454545,0.2142857143,0.1666666667,2,0.4285714286,0.5351351351,0.6031170188
0.4444444444,0.6060606061,0.2857142857,0.1666666667,1,0.4285714286,0.7585585586,0.4915530107
0.4444444444,0.3939393939,0.3571428571,0.5,1,0.7857142857,0.4918918919,0.9408775899
0.4444444444,0.5151515152,0.07142857143,1,0,0.2142857143,0.6108108108,0.7872338598
0.4444444444,0.8181818182,0.4285714286,0.3333333333,0,0.3571428571,0.7927927928,0.6517433719
0.4444444444,0.7575757576,0.7857142857,0.5,0,0.7857142857,0.6216216216,0.6974953283
0.4444444444,0.4848484848,0.4285714286,0.3333333333,1,0.07142857143,0.7189189189,0.659719205
0.4444444444,0.6363636364,0.2142857143,0.3333333333,0,0.4285714286,0.6144144144,0.4840573356
0.4444444444,0.8787878788,0.4285714286,0.6666666667,0,0.6428571429,0.7117117117,0.703244317
0.4444444444,0.2424242424,0.2142857143,0.3333333333,0,0.07142857143,0.5387387387,0.8704924893
0.4444444444,0.696969697,0.4285714286,0.5,0,0.2142857143,0.3711711712,0.6894485117
0.5555555556,0.4242424242,0.6428571429,0.3333333333,1,0.07142857143,0.8432432432,0.2810231266
0.5555555556,0.9090909091,0.3571428571,0.5,0,0.2142857143,0.4846846847,0.7772862501
0.5555555556,0.1818181818,0.2857142857,0.5,1,0.07142857143,0.6711711712,0.4924109416
0.5555555556,0.6666666667,0.4285714286,0.3333333333,0,0.3571428571,0.7063063063,0.4834535968
0.5555555556,0.8484848485,0.4285714286,0.1666666667,1,0.07142857143,0.5675675676,0.448046226
0.5555555556,0.3636363636,0.4285714286,0.5,0,0.2142857143,0.6432432432,0.6115171916
0.5555555556,0.2121212121,0.4285714286,0.3333333333,0,0,0.4504504505,0.7781438866
0.5555555556,0.5757575758,0,0.5,0,0.1428571429,0.6828828829,0.1769753354
0.5555555556,0.06060606061,0.1428571429,0.5,1,0.2857142857,0.7585585586,0.4793293513
0.5555555556,0.9393939394,0.7142857143,0.3333333333,1,0.7142857143,0.7657657658,0.7228565979
0.5555555556,0.4545454545,0.1428571429,0.3333333333,0,0,0.7261261261,0.6021480938
0.5555555556,0.06060606061,0.4285714286,0.3333333333,0,0.5714285714,0.6396396396,0.6416782283
0.5555555556,0.3939393939,0.4285714286,0.3333333333,0,0.4285714286,0.4954954955,0.4744921109
0.5555555556,0.5151515152,0.4285714286,0.3333333333,0,0.07142857143,0.6,0.629570042
0.5555555556,0.2424242424,0.2857142857,0.3333333333,0,0.4285714286,0.4162162162,0.4334287715
0.5555555556,0.7575757576,0.07142857143,0.1666666667,0,0.07142857143,0.5351351351,0.6735359435
0.5555555556,0.2121212121,0.1428571429,0.3333333333,0,0.2857142857,0.6756756757,0.5089032919
0.5555555556,0.8181818182,0.4285714286,0.5,0,0.3571428571,0.5315315315,0.6267725612
0.5555555556,0.7272727273,0.2857142857,0.6666666667,1,0.5714285714,0.5702702703,0.5355324247
0.5555555556,0.4848484848,0.07142857143,0.5,0,0.07142857143,0.5387387387,0.6028945127
0.5555555556,0.1515151515,0.2142857143,0.1666666667,0,0.07142857143,0.3405405405,0.6692806376
0.5555555556,0.3636363636,0.3571428571,0.5,0,0.07142857143,0.5135135135,0.8125331826
0.6666666667,0.5757575758,0.2857142857,0.1666666667,0,0.4285714286,0.4414414414,0.5659964913
0.6666666667,0.696969697,0.1428571429,0.1666666667,0,0.07142857143,0.4774774775,0.3284060182
0.6666666667,0.3939393939,0.1428571429,0.3333333333,0,0.2857142857,0.5531531532,0.7297399437
0.6666666667,0.1212121212,0.4285714286,0.3333333333,0,0.3571428571,0.4720720721,0.6680293431
0.6666666667,0.8181818182,0.7857142857,0.3333333333,0,0.4285714286,0.4594594595,0.5833319179
0.6666666667,0.3636363636,0.8571428571,0.3333333333,0,0,0.5315315315,0.5822175095
0.6666666667,0.09090909091,0.9285714286,0.3333333333,0,0.7142857143,0.1891891892,0.4525706878
0.6666666667,0.5454545455,0.7142857143,0.1666666667,2,0,0.5225225225,0.3787994664
0.6666666667,0.6060606061,0,0.5,0,0.1428571429,0.6702702703,0.2482839534
0.6666666667,0.4545454545,0.4285714286,0.3333333333,0,0.1428571429,0.5063063063,0.8181735214
0.6666666667,0.9090909091,0,0.6666666667,0,0.07142857143,0.7567567568,0.3164349426
0.6666666667,0.06060606061,0.4285714286,0.5,0,0.6428571429,0.5855855856,0.7508683375
0.6666666667,0.4545454545,0,0.6666666667,0,0.2857142857,0.4630630631,0.4084825705
0.6666666667,0.8484848485,0.6428571429,0.5,0,0.6428571429,0.4792792793,0.4551342107
0.6666666667,0.3333333333,0.3571428571,0.6666666667,0,0.4285714286,0.6720720721,0.5239212451
0.6666666667,0.5454545455,0.7142857143,0.3333333333,0,0.6428571429,0.4054054054,0.5798440992
0.6666666667,0.2424242424,0.1428571429,0.5,0,0.2857142857,0.4774774775,0.5971942168
0.6666666667,0.5454545455,0.2142857143,0.5,0,0,0.554954955,0.4694160847
0.6666666667,0.5757575758,0.07142857143,0.3333333333,0,0.4285714286,0.5873873874,0.5068740147
0.6666666667,0.7575757576,0.1428571429,0.5,0,0.7857142857,0.7621621622,0.5305818568
0.6666666667,0.4242424242,0.07142857143,0.5,0,0.07142857143,0.3855855856,0.788570372
0.6666666667,0.8787878788,0.7857142857,0.3333333333,0,0,0.4414414414,0.4892153816
0.7777777778,0.1515151515,0.4285714286,0.5,0,0.07142857143,0.4873873874,0.5745989077
0.7777777778,0.696969697,0.1428571429,0.3333333333,0,0.4285714286,0.5189189189,0.6109186701
0.7777777778,0,0.2857142857,0.5,0,0.6428571429,0.4900900901,0.5110409705
0.7777777778,0.8484848485,0.2142857143,0.3333333333,0,0,0.5603603604,0.3418825214
0.7777777778,0.2727272727,0.7142857143,0.3333333333,0,0.1428571429,0.6594594595,0.2690529517
0.7777777778,0.3636363636,0.07142857143,0.5,0,0.07142857143,0.4900900901,0.6910919987
0.7777777778,0.9393939394,0.1428571429,0.1666666667,1,0.2857142857,0.4414414414,0.5066355767
0.7777777778,0.303030303,0.4285714286,0.3333333333,0,0,0.3153153153,0.6600364071
0.7777777778,0.2121212121,0.4285714286,0.3333333333,0,0.1428571429,0.3351351351,0.5235213178
0.7777777778,0.5151515152,0.7142857143,0.5,0,0.2857142857,0.2351351351,0.5667436146
0.7777777778,0.5454545455,0.4285714286,0.3333333333,1,0.4285714286,0.363963964,0.5047963434
0.7777777778,0.2121212121,0.2142857143,0.3333333333,0,0.07142857143,0.4954954955,0.6590472533
0.7777777778,0.6363636364,0.1428571429,0.5,0,0.07142857143,0.5108108108,0.5184139807
0.7777777778,0.3333333333,0.7142857143,0.3333333333,1,0.7857142857,0.4594594595,0.3765344345
0.7777777778,0.8181818182,0.2142857143,0.3333333333,0,0.07142857143,0.5189189189,0.4454267726
0.7777777778,0.5454545455,0.07142857143,0.6666666667,0,0.07142857143,0.5099099099,0.5399043639
0.7777777778,0.7272727273,0.7142857143,0.5,1,0.4285714286,0.4972972973,0.4218220427
0.8888888889,0.696969697,0.4285714286,0.3333333333,0,0.07142857143,0.4774774775,0.6300320973
0.8888888889,0.6363636364,0.6428571429,0.5,0,0.1428571429,0.1711711712,0.5291041059
0.8888888889,0.8484848485,0.1428571429,0.3333333333,0,0.07142857143,0.4666666667,0.6673676687
0.8888888889,0.4848484848,0.9285714286,0.5,0,0.3571428571,0.4990990991,0.6207226174
0.8888888889,0.09090909091,0.2142857143,0.5,0,0,0.5018018018,0.5809767825
0.8888888889,0.9090909091,0.7857142857,0.3333333333,0,0.07142857143,0.2234234234,0.4623363624
0.8888888889,0.06060606061,0.3571428571,0.3333333333,0,0.07142857143,0.5225225225,0.5414128599
0.8888888889,0.5757575758,0.2142857143,0.3333333333,0,0.1428571429,0.1891891892,0.5259269168
0.8888888889,0.5151515152,0.2142857143,0.5,0,0.4285714286,0.2702702703,0.7163448234
0.8888888889,0.4848484848,0.1428571429,0.3333333333,0,0.6428571429,0.1711711712,0.4438251007
0.8888888889,0.0303030303,0.6428571429,0.5,0,0,0.3288288288,0.495727577
0.8888888889,0.5151515152,0.1428571429,0.3333333333,0,0.07142857143,0.5657657658,0.3281416326
1,0.696969697,0.4285714286,0.3333333333,0,0.5714285714,0.2432432432,0.4796074925
1,0.1818181818,0.07142857143,0.1666666667,0,0,0.5675675676,0.6527598985
1,0.0303030303,0.6428571429,0.3333333333,0,0.1428571429,0.236036036,0.3328275945
1,0.2727272727,0.2142857143,0.3333333333,0,0.1428571429,0.2252252252,0.6414612097
1,0.6666666667,0.07142857143,0.5,0,0.7142857143,0.3513513514,0.4766714781
1,0.1818181818,0.4285714286,0.3333333333,0,0,0.5855855856,0.4094634052
1,0.303030303,0,0.8333333333,0,0.6428571429,0.2414414414,0.33805346
1,0.1212121212,0.7857142857,0.5,0,0.07142857143,0.3135135135,0.7206884742
1,0.4545454545,0.2857142857,0.5,0,0.6428571429,0.1891891892,0.6813806245
1,0.6060606061,0.9285714286,0.5,0,0.8571428571,0.1711711712,0.3655692504
1,0.3939393939,0.07142857143,0.3333333333,0,0.4285714286,0.5045045045,0.5762610175
1,0.6666666667,0.7142857143,0.5,0,0.7142857143,0.2972972973,0.5540335453
1,0.0303030303,0.2857142857,0.5,0,0.1428571429,0.5387387387,0.4251102685
1,0,0.2142857143,0.3333333333,0,0.3571428571,0.2738738739,0.5293762078
1,0.2424242424,0.07142857143,0.8333333333,0,0.7142857143,0.4774774775,0.7444393842
1,0.9090909091,0.07142857143,0.3333333333,0,0.7142857143,0.4414414414,0.5513846661
1,0.3939393939,0.3571428571,0.5,0,0.4285714286,0.3387387387,0.6032817072
1,0.3333333333,0.1428571429,0,0,0,0.4648648649,0.4873090758
1,0.7272727273,0.1428571429,0.5,0,0.6428571429,0.3513513514,0.5302546019
1,0.5151515152,0.9285714286,0.3333333333,0,0.4285714286,0.6405405405,0.6043695966
1,0.2424242424,0.2857142857,0.5,0,0.6428571429,0.190990991,0.7381289581
1,0.8787878788,0.4285714286,0.5,0,0.5,0.5351351351,0.6148430326
1,0.4242424242,0.3571428571,0.5,0,0.6428571429,0.1711711712,0.5701150301
1,0.7272727273,0.4285714286,0.5,0,0,0.4837837838,0.5253478717
1,0.3636363636,0.4285714286,0.3333333333,0,0.4285714286,0.1783783784,0.4224444495
1,0.5151515152,0.8571428571,0.5,0,0.07142857143,0.3153153153,0.3564070333
1,0,0.7857142857,0.3333333333,0,0.07142857143,0.3873873874,0.5557822074
0,0.4848484848,0.07142857143,0.1666666667,1,0.07142857143,0.9640883978,0.7973306295
0,0.2121212121,0.7142857143,0.1666666667,0,0.07142857143,0.9502762431,0.6747646225
0,0.696969697,0,0.3333333333,1,0.2142857143,0.6104972376,0.5039834113
0,0.1212121212,0.1428571429,0.1666666667,1,0.1428571429,0.908839779,0.6065952634
0,0.9090909091,0.3571428571,0.5,2,0.8571428571,0.8812154696,0.8668288696
0,0.8787878788,0.7142857143,0.3333333333,1,0.07142857143,0.8950276243,0.6026350193
0,0.5757575758,0.1428571429,0.1666666667,1,0.07142857143,0.6657458564,0.5983354559
0,0.6666666667,0.4285714286,0.3333333333,0,0.2857142857,0.6546961326,0.6100071202
0,0.0303030303,0.3571428571,0.3333333333,1,0,0.6933701657,0.7075882916
0.1111111111,0.3636363636,0.7142857143,0.5,1,0.4285714286,0.635359116,0.7422246632
0.1111111111,0.2121212121,0.2857142857,0.5,2,0.1428571429,0.6436464088,0.7724007169
0.1111111111,0.3333333333,0.4285714286,0.3333333333,1,0.1428571429,0.5414364641,0.6234023364
0.1111111111,0.4545454545,0.3571428571,0.3333333333,1,0.4285714286,0.6325966851,0.8885744317
0.1111111111,0.06060606061,0.6428571429,0.5,2,0.5,0.6132596685,0.5238641262
0.1111111111,0.7272727273,0.3571428571,0.3333333333,2,0.07142857143,0.6657458564,0.5797241295
0.1111111111,0.8181818182,0.7142857143,0.3333333333,1,0.07142857143,0.4834254144,0.5108590364
0.1111111111,0.9393939394,0.1428571429,0,2,0,0.546961326,0.646516607
0.2222222222,0.5454545455,0.4285714286,0.1666666667,1,0.07142857143,0.546961326,0.5040428919
0.2222222222,0.6666666667,0,0.1666666667,0,0.07142857143,0.5828729282,0.4943737809
0.2222222222,0.303030303,0.4285714286,0.5,0,0.2857142857,0.5276243094,0.734453902
0.2222222222,0.1818181818,0.3571428571,0.3333333333,0,0.1428571429,0.4502762431,0.6467003848
0.2222222222,0.8484848485,0.4285714286,0.3333333333,1,0,0.4779005525,0.6481092031
0.2222222222,0.09090909091,0.1428571429,0.5,0,0.1428571429,0.5856353591,0.5482315089
0.2222222222,0.6363636364,0.4285714286,0.3333333333,0,0.4285714286,0.5994475138,0.6474089344
0.3333333333,0.4848484848,0.6428571429,0.5,0,0,0.5276243094,0.4944267773
0.3333333333,0.06060606061,0.07142857143,0.3333333333,1,0.3571428571,0.5662983425,0.572587127
0.3333333333,0.6666666667,0.6428571429,0.3333333333,1,0.3571428571,0.5055248619,0.7068453476
0.3333333333,0.8787878788,0.2857142857,0.6666666667,0,0.4285714286,0.5607734807,0.7630938276
0.3333333333,0.4242424242,0.3571428571,0.5,0,0.5,0.3895027624,0.559218964
0.3333333333,0.2121212121,0.4285714286,0.5,0,0.1428571429,0.3453038674,0.4962991871
0.3333333333,0.1818181818,0.1428571429,0.3333333333,0,0.07142857143,0.4668508287,0.6130927132
0.3333333333,0.6060606061,0.9285714286,0.5,1,0.3571428571,0.3674033149,0.4347170749
0.3333333333,0.1212121212,0.7142857143,0.1666666667,0,0.07142857143,0.5,0.3342593697
0.3333333333,0.7878787879,0.3571428571,0.5,0,0,0.4447513812,0.6722029084
0.3333333333,0.7272727273,0.2857142857,0.1666666667,0,0.1428571429,0.5055248619,0.4823679131
0.4444444444,0.2727272727,0.7857142857,0.3333333333,0,0.2857142857,0.4309392265,0.6774683559
0.4444444444,0.8484848485,0.7857142857,0.1666666667,0,0.5,0.4447513812,0.5638144191
0.4444444444,0.5454545455,0.1428571429,0.1666666667,1,0.3571428571,0.4889502762,0.6537414724
0.4444444444,0.3636363636,0.2142857143,0.1666666667,0,0,0.4640883978,0.7370234686
0.4444444444,0.9393939394,0.4285714286,0.6666666667,0,0.4285714286,0.3729281768,0.6969279704
0.4444444444,0,0.7142857143,0.5,1,0.4285714286,0.4447513812,0.4000363576
0.4444444444,0.09090909091,0.07142857143,0.3333333333,0,0.07142857143,0.5,0.6114061212
0.4444444444,0.696969697,0.1428571429,0.1666666667,1,0.4285714286,0.4613259669,0.7661804641
0.4444444444,0.3939393939,0,0.3333333333,0,0.6428571429,0.5,0.4063052717
0.4444444444,0.2424242424,0.7142857143,0.5,1,0.07142857143,0.317679558,0.4589980841
0.5555555556,0.4848484848,0.7857142857,0.3333333333,0,0.4285714286,0.4005524862,0.6558895755
0.5555555556,0.7878787879,0.9285714286,0.5,1,0.1428571429,0.4060773481,0.3094223954
0.5555555556,0.8181818182,0.7142857143,0.3333333333,0,0.6428571429,0.361878453,0.5210729922
0.5555555556,0.5757575758,0.2142857143,0.5,0,0.2857142857,0.3756906077,0.6620129278
0.5555555556,0.0303030303,0.07142857143,0.3333333333,0,0,0.4337016575,0.5984517839
0.5555555556,0.1212121212,0.3571428571,0.1666666667,1,0.1428571429,0.3729281768,0.6253098154
0.5555555556,0.6060606061,0.2857142857,0.3333333333,0,0.1428571429,0.364640884,0.5613638943
0.5555555556,0.4242424242,0.8571428571,0.5,1,0.07142857143,0.4171270718,0.3584996737
0.5555555556,0.7575757576,0.3571428571,0.5,1,0.4285714286,0.3784530387,0.5760636096
0.5555555556,0.7272727273,0.4285714286,0.3333333333,0,0.1428571429,0.3674033149,0.509836089
0.5555555556,0.9090909091,0.6428571429,0.5,1,0.07142857143,0.4723756906,0.5748934648
0.5555555556,0.3333333333,0.2857142857,0.3333333333,0,0,0.3508287293,0.3650185441
0.5555555556,0.8484848485,0.07142857143,0.3333333333,0,0.1428571429,0.455801105,0.8277573688
0.5555555556,0.5454545455,0.2857142857,0.6666666667,0,0.7857142857,0.3232044199,0.5608861078
0.5555555556,0.1515151515,0.4285714286,0.5,0,0.7857142857,0.3397790055,0.6185045011
0.5555555556,0.5151515152,0.07142857143,0.5,0,0.2857142857,0.3232044199,0.5643496221
0.5555555556,0,0.1428571429,0.1666666667,0,0.07142857143,0.5276243094,0.7734639933
0.5555555556,0.8484848485,0.1428571429,0.6666666667,1,0.7142857143,0.3259668508,0.5444949224
0.5555555556,0.6363636364,0.9285714286,0.5,0,0.4285714286,0.3397790055,0.3355706125
0.5555555556,0.0303030303,0.2142857143,0.3333333333,1,0.5714285714,0.3839779006,0.8614783231
0.5555555556,0.4545454545,0.1428571429,0.5,0,0.8571428571,0.4171270718,0.6028372062
0.5555555556,0.5454545455,0.7857142857,0.3333333333,0,0,0.3342541436,0.5346005936
0.5555555556,0.7272727273,0.7857142857,0.3333333333,0,0.3571428571,0.3011049724,0.6055465188
0.5555555556,0.7575757576,0.9285714286,0.5,0,0.1428571429,0.3895027624,0.4659480651
0.6666666667,0.7878787879,0.4285714286,0.3333333333,1,0.1428571429,0.3895027624,0.4916931875
0.6666666667,0.8787878788,0.2142857143,0.3333333333,1,0.1428571429,0.4060773481,0.496441394
0.6666666667,0.7575757576,0.1428571429,0.5,0,0.07142857143,0.3784530387,0.6860583818
0.6666666667,0.9090909091,0.2857142857,0.5,0,0.7857142857,0.361878453,0.4547805405
0.6666666667,0.2424242424,0.07142857143,0.3333333333,0,0,0.3535911602,0.498597076
0.6666666667,0.1212121212,0.4285714286,0.5,0,0.1428571429,0.3784530387,0.4778752703
0.6666666667,0.5151515152,0.8571428571,0.3333333333,1,0.1428571429,0.3591160221,0.5645217912
0.6666666667,0.3636363636,0.2857142857,0.3333333333,1,0.4285714286,0.3895027624,0.4518120006
0.6666666667,0.6060606061,0.2142857143,0.3333333333,0,0.1428571429,0.4613259669,0.8017039655
0.6666666667,0.2727272727,0.1428571429,0.5,0,0,0.3839779006,0.5842164888
0.6666666667,0.9090909091,0.4285714286,0.8333333333,0,0,0.4005524862,0.7073071848
0.6666666667,0.3333333333,0.2142857143,0.1666666667,0,0,0.3839779006,0.438764387
0.6666666667,0.4545454545,0.1428571429,0.3333333333,0,0.1428571429,0.361878453,0.6745172034
0.6666666667,0.06060606061,0.3571428571,0.3333333333,1,0.4285714286,0.2790055249,0.5342405133
0.6666666667,0.8484848485,0,0.5,0,0.1428571429,0.3867403315,0.6934076523
0.6666666667,0.5454545455,0.3571428571,0.3333333333,0,0,0.3563535912,0.7293387472
0.6666666667,0.3636363636,0.4285714286,0.3333333333,0,0.3571428571,0.3508287293,0.5055315384
0.6666666667,0.2424242424,0.1428571429,0.6666666667,0,0.07142857143,0.3729281768,0.4844628334
0.6666666667,0.6666666667,0.4285714286,0.5,0,0.7142857143,0.3812154696,0.6045244197
0.6666666667,0.09090909091,0.4285714286,0.3333333333,0,0.1428571429,0.320441989,0.4916384716
0.6666666667,0.7575757576,0.4285714286,0.3333333333,0,0.1428571429,0.3756906077,0.6277541428
0.6666666667,0.3939393939,0.2142857143,0.3333333333,1,0.4285714286,0.3011049724,0.4805875367
0.6666666667,0.3333333333,0.4285714286,0.3333333333,0,0.4285714286,0.3812154696,0.5617486552
0.6666666667,0.2424242424,0.3571428571,0.3333333333,0,0.1428571429,0.3232044199,0.8700844292
0.6666666667,0.4242424242,0.4285714286,0.5,0,0.3571428571,0.2458563536,0.4422611442
0.6666666667,0.4848484848,0,0.6666666667,0,0.1428571429,0.3397790055,0.2727496203
0.6666666667,0.4242424242,0.07142857143,0.6666666667,0,0.7142857143,0.361878453,0.6924449869
0.6666666667,0.2727272727,0.9285714286,0.5,0,0.6428571429,0.3784530387,0.299440013
0.6666666667,0.7272727273,0.2142857143,0.3333333333,0,0.5714285714,0.3397790055,0.6073017066
0.6666666667,0.8787878788,0.3571428571,0.3333333333,0,0.5,0.3535911602,0.7674816453
0.6666666667,0.3939393939,0.7142857143,0.3333333333,0,0,0.361878453,0.2947277327
0.7777777778,0.7878787879,0.1428571429,0.5,0,0.2142857143,0.317679558,0.5321662264
0.7777777778,0.5757575758,0.9285714286,0.5,0,0.8571428571,0.3453038674,0.3885308089
0.7777777778,0.0303030303,0.9285714286,0.3333333333,0,0,0.4171270718,0.3962872051
0.7777777778,0.06060606061,0.1428571429,0.5,0,0.1428571429,0.3453038674,0.6379786006
0.7777777778,0.8787878788,0.4285714286,0.3333333333,0,0.4285714286,0.3066298343,0.4543344695
0.7777777778,0.3636363636,0.3571428571,0.3333333333,1,0.07142857143,0.3480662983,0.6730593674
0.7777777778,0.6060606061,0.4285714286,0.5,0,0.3571428571,0.3453038674,0.458800432
0.7777777778,0.1212121212,0.6428571429,0.5,0,0.2857142857,0.3895027624,0.3491744059
0.7777777778,0.8181818182,0.7857142857,0.6666666667,0,0.07142857143,0.2983425414,0.561068538
0.7777777778,0.6363636364,0.3571428571,0.5,0,0.07142857143,0.3784530387,0.6581915259
0.7777777778,0.4242424242,0.2857142857,0.3333333333,0,0.6428571429,0.3922651934,0.5189954375
0.7777777778,0.696969697,0.07142857143,0.3333333333,0,0.07142857143,0.3674033149,0.7544293095
0.7777777778,0.5151515152,0,0.5,0,0.07142857143,0.4834254144,0.2264624707
0.7777777778,0.303030303,0.2857142857,0.5,0,0.5714285714,0.3232044199,0.4145175737
0.7777777778,0,0.3571428571,0.5,0,0.8571428571,0.3287292818,0.5430937102
0.7777777778,0.8181818182,0.3571428571,0.5,0,0.6428571429,0.317679558,0.7455297891
0.7777777778,0.4545454545,0.9285714286,0.5,0,0.07142857143,0.3591160221,0.549979773
0.7777777778,0.6060606061,0.07142857143,0.5,0,0,0.3011049724,0.5360302797
0.7777777778,0.7272727273,0.6428571429,0.5,0,0.4285714286,0.3453038674,0.5461973983
0.7777777778,0.5454545455,0.1428571429,0.5,0,0.4285714286,0.3674033149,0.4331243055
0.8888888889,0.3939393939,0.9285714286,0.5,0,0.07142857143,0.2790055249,0.3098929595
0.8888888889,0.4848484848,0.2142857143,0.5,0,0.07142857143,0.3397790055,0.4899317816
0.8888888889,0.0303030303,0.4285714286,0.5,0,0.1428571429,0.3895027624,0.5674590104
0.8888888889,0.3333333333,0,0.5,0,0.3571428571,0.3259668508,0.1686230912
0.8888888889,0.0303030303,0.4285714286,0.5,0,0.6428571429,0.3480662983,0.4945906087
0.8888888889,0.5757575758,0.1428571429,0.3333333333,0,0.3571428571,0.3232044199,0.5839913822
0.8888888889,0.6060606061,0.4285714286,0.3333333333,0,0.5,0.3397790055,0.6838866306
0.8888888889,0.8181818182,0.1428571429,0.3333333333,0,0.5714285714,0.317679558,0.5279167798
0.8888888889,0.4545454545,0.3571428571,0.3333333333,0,0,0.3425414365,0.5620217481
0.8888888889,0.1515151515,0.6428571429,0.3333333333,1,0.07142857143,0.3453038674,0.2988789616
0.8888888889,0.7272727273,0,0.5,0,0.8571428571,0.3011049724,0.2429149281
0.8888888889,0.2727272727,0.4285714286,0.6666666667,0,0.7142857143,0.3480662983,0.4905513301
0.8888888889,0.5454545455,0.4285714286,0.8333333333,0,0.2857142857,0.2928176796,0.5462105356
0.8888888889,0.3939393939,0.07142857143,0.6666666667,0,0.7142857143,0.3480662983,0.6815678881
0.8888888889,0.09090909091,0.2142857143,0.5,0,0,0.3287292818,0.6467782799
0.8888888889,0.6363636364,0.9285714286,0.6666666667,0,0.3571428571,0.2983425414,0.4584813447
0.8888888889,0.2727272727,0,0.5,0,0.1428571429,0.3453038674,0.369019067
1,0.4848484848,0.4285714286,0.3333333333,0,0.07142857143,0.3370165746,0.477067465
1,0.7272727273,0.1428571429,0.5,0,0.1428571429,0.3011049724,0.6711282304
1,0.5454545455,0.1428571429,0.5,0,0.7142857143,0.361878453,0.7605822315
1,0.1212121212,0.9285714286,0.3333333333,0,0.1428571429,0.4171270718,0.3866420693
1,0.303030303,0.1428571429,0.5,0,0.2857142857,0.317679558,0.6457040402
1,0.3333333333,0.7142857143,0.3333333333,1,0.3571428571,0.3453038674,0.5530878148
1,0.9090909091,0.4285714286,0.3333333333,0,0.6428571429,0.361878453,0.4163829149
1,0.06060606061,0.4285714286,0.5,0,0.2857142857,0.3287292818,0.3432961382
1,0.2121212121,0.07142857143,0.6666666667,0,0.07142857143,0.3011049724,0.3661284886
1,0.5151515152,0.4285714286,0.3333333333,0,0.5714285714,0.317679558,0.4782453914
1,0.06060606061,0.4285714286,0.3333333333,0,0,0.3674033149,0.5363811205
1,0.8787878788,0.3571428571,0.5,0,0.6428571429,0.2928176796,0.6269111472
0,0.5757575758,0,0.1666666667,2,0.1428571429,0.7430939227,0.2999935139
0,0.3636363636,0,0.1666666667,2,0,0.6243093923,0.6737709514
0,0.9090909091,0.1428571429,0.1666666667,1,0.07142857143,0.861878453,0.64440531
0,0.2727272727,0.07142857143,0.1666666667,1,0,0.9723756906,0.552735333
0,0.3333333333,0.1428571429,0.5,0,0.2857142857,0.8121546961,0.6992339082
0,0.8787878788,0.3571428571,0.5,1,0.1428571429,0.726519337,0.9490372225
0.1111111111,0.0303030303,0.4285714286,0.5,0,0.4285714286,0.6491712707,0.5460293201
0.1111111111,0.6666666667,0.2857142857,0.3333333333,0,0,0.6685082873,0.5044580729
0.1111111111,0.9393939394,0.7142857143,0.1666666667,1,0,0.6298342541,0.5205529512
0.1111111111,0.303030303,0.2142857143,0.3333333333,1,0.4285714286,0.6160220994,0.6794570141
0.1111111111,0.4848484848,0.4285714286,0.5,0,0.1428571429,0.5635359116,0.7643468786
0.1111111111,0.7575757576,0.2857142857,0.1666666667,0,0,0.6906077348,0.6608834762
0.1111111111,0.1515151515,0.4285714286,0.3333333333,1,0,0.5276243094,0.5935576361
0.1111111111,0.6666666667,0.8571428571,0.5,0,0.1428571429,0.5055248619,0.6445677697
0.2222222222,0.8484848485,0.7142857143,0.1666666667,0,0.07142857143,0.6215469613,0.5251800182
0.2222222222,0.09090909091,0.3571428571,0.1666666667,1,0,0.4640883978,0.6214610768
0.2222222222,0.06060606061,0.4285714286,0.3333333333,1,0.2142857143,0.4447513812,1.000001357
0.2222222222,0.4242424242,0.6428571429,0.5,1,0.1428571429,0.4447513812,0.4912206335
0.2222222222,0,0.1428571429,0.3333333333,0,0.1428571429,0.5138121547,0.5970056558
0.2222222222,0.5454545455,0.5714285714,0.5,0,0,0.453038674,0.6138557824
0.2222222222,0.9393939394,0.3571428571,0.5,0,0.1428571429,0.4889502762,0.7859803214
0.2222222222,0.3939393939,0.2857142857,0.1666666667,1,0.2857142857,0.6132596685,0.5348664097
0.3333333333,0.6060606061,0.5714285714,0.1666666667,1,0.07142857143,0.6408839779,0.6108932219
0.3333333333,0.5757575758,0.7142857143,0.3333333333,1,0.4285714286,0.4475138122,0.6404543893
0.3333333333,0.696969697,0.2142857143,0.1666666667,1,0.07142857143,0.4668508287,0.6120286027
0.3333333333,0.2727272727,0.1428571429,0.5,0,0.4285714286,0.4917127072,0.5944724799
0.3333333333,0.7878787879,0.07142857143,0.3333333333,1,0.07142857143,0.4889502762,0.7575371168
0.3333333333,0.3636363636,0.1428571429,0.3333333333,0,0.2857142857,0.4944751381,0.5871867023
0.3333333333,0.8787878788,0.4285714286,0.3333333333,0,0.07142857143,0.6049723757,0.6180024799
0.3333333333,0.4848484848,0.3571428571,0.3333333333,1,0.07142857143,0.4917127072,0.7418235758
0.3333333333,0.1818181818,0.4285714286,0.3333333333,0,0,0.453038674,0.7434741216
0.4444444444,0.1515151515,0.6428571429,0.5,1,0.07142857143,0.4419889503,0.6571810736
0.4444444444,0.1212121212,0.4285714286,0.1666666667,0,0.1428571429,0.5110497238,0.7170997981
0.4444444444,0.6666666667,0.07142857143,0.3333333333,0,0,0.4640883978,0.532388364
0.4444444444,0.8181818182,0.2857142857,0.3333333333,0,0.2857142857,0.5220994475,0.5944126253
0.4444444444,0.5151515152,0.7142857143,0.3333333333,0,0,0.5110497238,0.7554788697
0.4444444444,0.4242424242,0.2142857143,0.3333333333,0,0.4285714286,0.4668508287,0.841234752
0.4444444444,0.7272727273,0.7857142857,0.1666666667,0,0.4285714286,0.4392265193,0.5886869325
0.4444444444,0.4545454545,0.4285714286,0.3333333333,0,0.07142857143,0.4419889503,0.4560154408
0.4444444444,0.2121212121,0.7142857143,0.5,1,0.4285714286,0.4392265193,0.3092090807
0.4444444444,0.6363636364,0.7142857143,0.5,0,0.3571428571,0.3977900552,0.4330620642
0.4444444444,0.5757575758,0.8571428571,0.3333333333,1,0.9285714286,0.4226519337,0.6612829129
0.4444444444,0.5454545455,0.4285714286,0.5,0,0.8571428571,0.4751381215,0.5268894274
0.4444444444,0.2424242424,0.07142857143,0.3333333333,1,0.4285714286,0.4419889503,0.8294281195
0.4444444444,0.3939393939,0.5714285714,0.3333333333,0,0,0.3342541436,0.4490055856
0.5555555556,0,0.4285714286,0.3333333333,0,0.7857142857,0.4613259669,0.5673106955
0.5555555556,0.3636363636,0.6428571429,0.1666666667,0,0,0.3563535912,0.3936584806
0.5555555556,0.9090909091,0.7857142857,0.5,0,0.1428571429,0.4143646409,0.5942925379
0.5555555556,0.2424242424,0.1428571429,0.3333333333,1,0.2857142857,0.4447513812,0.560800394
0.5555555556,0.6060606061,0.07142857143,0.5,0,0,0.5,0.8968041331
0.5555555556,0.1515151515,0.1428571429,0.3333333333,0,0.07142857143,0.4447513812,0.9017548013
0.5555555556,0.9393939394,0.4285714286,0.3333333333,0,0.1428571429,0.4779005525,0.6522419291
0.5555555556,0.7575757576,0.3571428571,0.1666666667,0,0.1428571429,0.5801104972,0.7426036072
0.5555555556,0.4242424242,0.4285714286,0,0,0,0.408839779,0.633106171
0.5555555556,0.1212121212,0.6428571429,0.3333333333,1,0.1428571429,0.3784530387,0.3936024029
0.5555555556,0.2727272727,0.3571428571,0.3333333333,0,0.1428571429,0.4502762431,0.4994017281
0.5555555556,0.303030303,0.4285714286,0.5,0,0.5714285714,0.4033149171,0.7319321876
0.5555555556,0.1818181818,0.3571428571,0.5,1,0.2857142857,0.3950276243,0.7651076996
0.5555555556,0.4545454545,0.1428571429,0.3333333333,0,0.07142857143,0.4392265193,0.8297292447
0.5555555556,0.2121212121,0,0.5,0,0,0.3397790055,0.2944465561
0.5555555556,0.7272727273,0.2857142857,0.5,0,0.4285714286,0.5276243094,0.6230387365
0.5555555556,0.06060606061,0.7142857143,0.5,0,0.07142857143,0.3867403315,0.5072989977
0.5555555556,0,0.07142857143,0.6666666667,0,0,0.4254143646,0.6627803246
0.5555555556,0.5454545455,0.1428571429,0.3333333333,0,0,0.3895027624,0.7195726157
0.5555555556,0.7878787879,0.2142857143,0.3333333333,0,0.07142857143,0.3563535912,0.5142506262
0.5555555556,0.6666666667,0.2857142857,0.5,0,0,0.3950276243,0.6498680543
0.5555555556,0.3939393939,0.07142857143,0.5,0,0.2857142857,0.3535911602,0.6852128076
0.5555555556,0.1515151515,0.4285714286,0.3333333333,0,0,0.4033149171,0.5337560105
0.5555555556,0.5151515152,0.3571428571,0.3333333333,0,0.2857142857,0.5027624309,0.3524376425
0.6666666667,0.3636363636,0.2857142857,0.3333333333,0,0.07142857143,0.317679558,0.5854096132
0.6666666667,0.3939393939,0.07142857143,0.3333333333,1,0.07142857143,0.4254143646,0.7240180713
0.6666666667,0.09090909091,0.6428571429,0.5,1,0.2857142857,0.3729281768,0.3743735658
0.6666666667,0.2727272727,0,0.6666666667,0,0.2857142857,0.3839779006,0.6157815811
0.6666666667,0.7878787879,0.1428571429,0.3333333333,1,0.1428571429,0.3563535912,0.4244055742
0.6666666667,0.3333333333,0.2142857143,0.5,0,0.4285714286,0.3895027624,0.5382208347
0.6666666667,0.8787878788,0.1428571429,0.5,0,0.2142857143,0.3425414365,0.4884858475
0.6666666667,0.3636363636,1,0.8333333333,0,0.07142857143,0.2900552486,0.5553347789
0.6666666667,0,0.5714285714,0.5,0,0.2142857143,0.2983425414,0.6149524174
0.6666666667,0.0303030303,0.7142857143,0.5,0,0.1428571429,0.544198895,0.6340647848
0.6666666667,0.4242424242,0.2857142857,0.5,0,0.07142857143,0.4392265193,0.462013881
0.6666666667,0.8181818182,0.6428571429,0.5,0,0,0.3480662983,0.3992297374
0.6666666667,0.7575757576,0.7857142857,0.6666666667,0,0.2857142857,0.361878453,0.5896160257
0.6666666667,0.1515151515,0.3571428571,0.5,0,0.07142857143,0.4060773481,0.4983300191
0.6666666667,0.2121212121,0.7142857143,0.5,0,0.4285714286,0.3674033149,0.4524702524
0.6666666667,0.5151515152,0.4285714286,0.5,0,0,0.4198895028,0.7234810126
0.6666666667,0.4545454545,0.4285714286,0.3333333333,0,0.4285714286,0.3977900552,0.4699777172
0.6666666667,0.7272727273,0.07142857143,0.3333333333,0,0.07142857143,0.3922651934,0.5139504681
0.6666666667,0.6666666667,0.1428571429,0.6666666667,0,0,0.3950276243,0.614891442
0.6666666667,0.5757575758,0.3571428571,0.1666666667,1,0.07142857143,0.4198895028,0.6734646482
0.6666666667,0.7272727273,0.2142857143,0.6666666667,0,0,0.3867403315,0.6095802716
0.6666666667,0.7575757576,0.2142857143,0.3333333333,0,0.07142857143,0.3950276243,0.5623129797
0.6666666667,0.06060606061,0.3571428571,0.3333333333,0,0.4285714286,0.3149171271,0.6990044097
0.6666666667,0.5454545455,0.3571428571,0.5,1,0.4285714286,0.3674033149,0.6641739219
0.6666666667,0.2424242424,0.6428571429,0.5,0,0.3571428571,0.2983425414,0.599500523
0.6666666667,0.2424242424,0.6428571429,0.5,0,0.2857142857,0.4116022099,0.6191423965
0.7777777778,0.8787878788,0.2857142857,0.3333333333,1,0.1428571429,0.4972375691,0.6697471413
0.7777777778,0.696969697,0.1428571429,0.3333333333,0,0.1428571429,0.4254143646,0.5484036322
0.7777777778,0.9090909091,0.3571428571,0.5,0,0.2857142857,0.3453038674,0.6988579745
0.7777777778,0.7878787879,0.3571428571,0.3333333333,0,0.07142857143,0.3563535912,0.5772490124
0.7777777778,0.3333333333,0.5714285714,0.3333333333,1,0.4285714286,0.4005524862,0.6713654342
0.7777777778,0.0303030303,0.7857142857,0.5,0,0.6428571429,0.3453038674,0.7002263461
0.7777777778,0.8181818182,0.4285714286,0.3333333333,0,0.2142857143,0.3950276243,0.7293259511
0.7777777778,0.0303030303,0.1428571429,0.1666666667,1,0.4285714286,0.4116022099,0.4740158563
0.7777777778,0.5454545455,0,0.3333333333,0,0,0.3701657459,0.6892927837
0.7777777778,0.8181818182,0.2142857143,0.3333333333,1,0.3571428571,0.4447513812,0.7032442364
0.7777777778,0.2727272727,0.6428571429,0.5,0,0.07142857143,0.4751381215,0.597162038
0.7777777778,0.303030303,0.3571428571,0.6666666667,0,0.6428571429,0.4060773481,0.7018381014
0.7777777778,0.9393939394,0.2857142857,0.3333333333,0,0.3571428571,0.4116022099,0.6762856659
0.7777777778,0.1212121212,0.2142857143,0.3333333333,0,0.1428571429,0.3977900552,0.5495262452
0.7777777778,0.8181818182,0.1428571429,0.5,0,0.4285714286,0.3480662983,0.4506264244
0.7777777778,0.4545454545,0.7857142857,0.1666666667,0,0.4285714286,0.3232044199,0.6764850244
0.7777777778,0.5757575758,0.1428571429,0.5,0,0.4285714286,0.3729281768,0.720704816
0.7777777778,0.06060606061,0.07142857143,0.5,0,0.4285714286,0.2983425414,0.665641246
0.7777777778,0.6363636364,0.4285714286,0.1666666667,0,0.2142857143,0.3701657459,0.3713967361
0.7777777778,0.4242424242,1,0.5,0,0.4285714286,0.2320441989,0.5987212494
0.7777777778,0.2424242424,0.4285714286,0.3333333333,0,0.6428571429,0.2458563536,0.6118804001
0.7777777778,0.7272727273,0.7857142857,0.3333333333,0,0.6428571429,0.3397790055,0.5671392842
0.7777777778,0.4848484848,0.1428571429,0.5,0,0.4285714286,0.2320441989,0.5671360012
0.7777777778,0.7272727273,0.6428571429,0.5,0,0.8571428571,0.2872928177,0.3254933629
0.8888888889,0.9090909091,0.3571428571,0.1666666667,0,0.1428571429,0.3729281768,0.6393406591
0.8888888889,0.7878787879,0.5714285714,0.3333333333,0,0.1428571429,0.3370165746,0.3920678351
0.8888888889,0.5757575758,0.1428571429,0.5,0,0,0.2790055249,0.4140762979
0.8888888889,0.0303030303,0.7142857143,0.5,0,0.2857142857,0.3784530387,0.456798981
0.8888888889,0.6060606061,0.1428571429,0.5,0,0.2142857143,0.2237569061,0.6884660961
0.8888888889,0.6666666667,0.4285714286,0.3333333333,0,0.1428571429,0.4475138122,0.5109149309
0.8888888889,0.303030303,0.2857142857,0.1666666667,0,0.07142857143,0.3895027624,0.5956999169
0.8888888889,0.1212121212,0.7857142857,0.5,0,0.1428571429,0.3563535912,0.4389593112
0.8888888889,0.4545454545,0.2857142857,0.5,0,0.8571428571,0.3674033149,0.4504096577
0.8888888889,0.4242424242,0.4285714286,0.3333333333,0,0.2857142857,0.3370165746,0.4753335026
0.8888888889,0.7272727273,0.1428571429,0.3333333333,0,0.1428571429,0.3895027624,0.7211807664
0.8888888889,0,0.3571428571,0.5,0,0.07142857143,0.3370165746,0.5186333619
0.8888888889,0.3636363636,0.8571428571,0.5,0,0.1428571429,0.3508287293,0.3778019574
0.8888888889,0.2424242424,0.07142857143,0.6666666667,0,0,0.3591160221,0.6721656083
0.8888888889,0.4545454545,0.07142857143,0.3333333333,0,0.1428571429,0.3839779006,0.696337827
0.8888888889,0.1515151515,0.2857142857,0.3333333333,0,0.7857142857,0.3480662983,0.6873188874
1,0.6666666667,0.3571428571,0.5,0,0,0.3425414365,0.4747658013
1,0.2727272727,0.2857142857,0.8333333333,0,0.6428571429,0.2596685083,0.5687533935
1,0.2121212121,0.3571428571,0.5,0,0.2857142857,0.2928176796,0.6157201391
1,0.2121212121,0.07142857143,0.6666666667,0,0.2142857143,0.3093922652,0.5242521505
1,0.0303030303,0.7142857143,0.5,0,0.07142857143,0.3425414365,0.3526754514
1,0.9393939394,0.2142857143,0.6666666667,0,0.07142857143,0.2955801105,0.277543494
1,0.5757575758,1,0.6666666667,0,0.3571428571,0.2182320442,0.5012979463
1,0.0303030303,0.3571428571,0.5,0,0.7142857143,0.270718232,0.6697670452
1,0.1515151515,0.1428571429,0.5,0,0.8571428571,0.2458563536,0.6039619312
1,0.4848484848,0.2142857143,0.5,0,0.07142857143,0.2320441989,0.358913554
1,0.5151515152,0.1428571429,0.5,0,0.2857142857,0.3508287293,0.5287902587
1,0.06060606061,0.7142857143,0.6666666667,0,0.1428571429,0.3011049724,0.6614850758
1,0.3636363636,0.1428571429,0.3333333333,0,0.6428571429,0.3922651934,0.6855695842
0,0.9696969697,0,0.1666666667,2,0,0.6906077348,0.2777600328
0,0.1818181818,0,0.5,2,0.6428571429,0.6961325967,0.5738307913
0,0.303030303,0.07142857143,0.1666666667,1,0.4285714286,0.7486187845,0.7182446495
0,0.696969697,0.4285714286,0.1666666667,2,0.1428571429,0.7790055249,0.8165502435
0,0.3636363636,0.7142857143,0.3333333333,1,0.4285714286,0.6602209945,0.5489980203
0.1111111111,0.9393939394,0.2857142857,0.3333333333,1,0.1428571429,0.6243093923,0.7415817141
0.1111111111,0.4242424242,0.7142857143,0.5,1,0.4285714286,0.5276243094,0.425889818
0.1111111111,0.8787878788,0.5714285714,0.1666666667,0,0.07142857143,0.5165745856,0.6746309648
0.1111111111,0,0.8571428571,0.5,1,0.07142857143,0.5138121547,0.5662892625
0.1111111111,0.1212121212,0.07142857143,0.3333333333,0,0.1428571429,0.6049723757,0.7416025252
0.1111111111,0.2727272727,0.3571428571,0.1666666667,1,0.4285714286,0.6243093923,0.7853970786
0.2222222222,0.4848484848,0.1428571429,0.3333333333,0,0.5,0.6215469613,0.5222316983
0.2222222222,0.7878787879,0.1428571429,0.5,0,0.2857142857,0.5828729282,0.7545894011
0.2222222222,0.6363636364,0,0.3333333333,0,0.2142857143,0.5966850829,0.6173582192
0.2222222222,0.5454545455,0.2857142857,0,1,0,0.544198895,0.5713292469
0.2222222222,0.7575757576,0.6428571429,0.3333333333,0,0,0.5193370166,0.4712635227
0.2222222222,0.09090909091,0.2857142857,0.3333333333,0,0.7857142857,0.5994475138,0.5150106349
0.2222222222,0.2424242424,0.6428571429,0.3333333333,1,0.07142857143,0.5110497238,0.6418435087
0.2222222222,0.6666666667,0.07142857143,0.3333333333,1,0.2857142857,0.5690607735,0.741476707
0.3333333333,0.1515151515,0.2857142857,0.3333333333,1,0.07142857143,0.6049723757,0.5033063873
0.3333333333,0.8181818182,0.4285714286,0.5,1,0.2857142857,0.4392265193,0.5072801318
0.3333333333,0.5757575758,0.07142857143,0.3333333333,0,0.6428571429,0.546961326,0.6751928089
0.3333333333,0.6060606061,0.1428571429,0.5,1,0.2857142857,0.5248618785,0.6248697106
0.3333333333,0.3636363636,0.2857142857,0.3333333333,0,0.4285714286,0.5414364641,0.3590991013
0.3333333333,0.9090909091,0.07142857143,0.3333333333,0,0.4285714286,0.4585635359,0.478941314
0.3333333333,0.3636363636,0.2142857143,0.3333333333,1,0.07142857143,0.591160221,0.7917886457
0.3333333333,0.4242424242,0.2857142857,0.1666666667,1,0.07142857143,0.6436464088,0.4346176361
0.3333333333,0.9393939394,0.1428571429,0.5,2,0.4285714286,0.4972375691,0.6515289484
0.3333333333,0.5454545455,0.7142857143,0.3333333333,0,0.4285714286,0.4972375691,0.695752386
0.4444444444,0.2424242424,0.2857142857,0.5,1,0.07142857143,0.6022099448,0.4889247857
0.4444444444,0.4848484848,0.6428571429,0.5,0,0.5,0.4723756906,0.38620045
0.4444444444,0.2727272727,0,0.1666666667,0,0.4285714286,0.4364640884,0.388020064
0.4444444444,0.5151515152,0.1428571429,0.1666666667,1,0.1428571429,0.5220994475,0.4533738756
0.4444444444,0.3333333333,0.6428571429,0.6666666667,1,0.2857142857,0.6022099448,0.5157499351
0.4444444444,0.4545454545,0.4285714286,0.3333333333,1,0.4285714286,0.4337016575,0.7224656244
0.4444444444,0.3939393939,0.4285714286,0.3333333333,0,0.07142857143,0.4309392265,0.4784852065
0.5555555556,0.6666666667,0.07142857143,0.5,0,0.4285714286,0.453038674,0.5765546075
0.5555555556,0.06060606061,0.2857142857,0.1666666667,1,0.4285714286,0.4392265193,0.6339764411
0.5555555556,0.696969697,0.07142857143,0.1666666667,1,0.4285714286,0.3812154696,0.6170854915
0.5555555556,0.7272727273,0.07142857143,0.8333333333,0,0.5,0.4254143646,0.6539201289
0.5555555556,0.6060606061,0.5714285714,0.3333333333,0,0.3571428571,0.4171270718,0.4269402329
0.5555555556,0.3333333333,0.2857142857,0.3333333333,0,0.07142857143,0.5718232044,0.6417992556
0.5555555556,0.8181818182,0.2142857143,0.3333333333,1,0.07142857143,0.4171270718,0.5847156718
0.5555555556,0.9090909091,0.07142857143,0.6666666667,0,0.4285714286,0.4668508287,0.6423586715
0.5555555556,0.09090909091,0.4285714286,0.1666666667,0,0.2857142857,0.3701657459,0.5713316282
0.5555555556,0.3939393939,0.6428571429,0.5,1,0.1428571429,0.4143646409,0.6094173616
0.5555555556,0.1818181818,0.6428571429,0.3333333333,0,0,0.3950276243,0.479921561
0.5555555556,0.1212121212,0.2857142857,0.1666666667,0,0.4285714286,0.4392265193,0.3437186113
0.5555555556,0.8787878788,0.7857142857,0.1666666667,0,0,0.4806629834,0.6318681403
0.5555555556,0.4848484848,0.1428571429,0.5,0,0.4285714286,0.4613259669,0.6215484196
0.5555555556,0.5151515152,0.3571428571,0.5,0,0.3571428571,0.3756906077,0.6300243527
0.5555555556,0.3939393939,0,0.3333333333,0,0.1428571429,0.4116022099,0.3925974132
0.5555555556,0.8484848485,0.4285714286,0.5,0,0.07142857143,0.3812154696,0.4919483173
0.5555555556,0.6666666667,0,0.5,0,0,0.3867403315,0.3686679961
0.5555555556,0.2424242424,0.7857142857,0.5,0,0.4285714286,0.4668508287,0.5560182598
0.5555555556,0.4242424242,0.8571428571,0.6666666667,1,0.4285714286,0.4116022099,0.4595131249
0.5555555556,0.3939393939,0.2857142857,0.3333333333,0,0.4285714286,0.3342541436,0.6029048729
0.5555555556,0.6363636364,0.5714285714,0.3333333333,1,0.1428571429,0.4364640884,0.747957091
0.6666666667,0.6666666667,0.3571428571,0.3333333333,1,0.4285714286,0.4060773481,0.5586959889
0.6666666667,0.9090909091,0,0.5,0,0.4285714286,0.5082872928,0.4396678946
0.6666666667,0.696969697,0.2857142857,0.3333333333,0,0.5,0.4447513812,0.5064188362
0.6666666667,0.7272727273,0.4285714286,0.3333333333,0,0.2142857143,0.408839779,0.5199729521
0.6666666667,0.1515151515,0.4285714286,0.3333333333,0,0.4285714286,0.3895027624,0.6676702735
0.6666666667,0.7272727273,0.1428571429,0.5,0,0.2142857143,0.3370165746,0.6730264024
0.6666666667,0.6060606061,0.3571428571,0.5,0,0.1428571429,0.4198895028,0.6206759296
0.6666666667,0.3939393939,0.1428571429,0.6666666667,0,0.07142857143,0.4254143646,0.6090158511
0.6666666667,0.3333333333,0.3571428571,0.5,0,0.2857142857,0.3259668508,0.6164843848
0.6666666667,0,0.2857142857,0.1666666667,0,0.2857142857,0.5718232044,0.5580826313
0.6666666667,0.2727272727,0.4285714286,0.5,0,0.1428571429,0.4033149171,0.5856601441
0.6666666667,0.0303030303,0.7142857143,0.3333333333,0,0.8571428571,0.3950276243,0.428901211
0.6666666667,0.5151515152,0.2857142857,0.1666666667,0,0.2857142857,0.5662983425,0.5622639303
0.6666666667,0.4545454545,0.7142857143,0.3333333333,0,0.07142857143,0.4116022099,0.271656458
0.6666666667,0.1515151515,0.1428571429,0.1666666667,0,0.07142857143,0.3977900552,0.5857681758
0.6666666667,0.8484848485,0.8571428571,0.5,0,0.07142857143,0.3895027624,0.3847829211
0.6666666667,0.6666666667,0.5714285714,0.3333333333,0,0.2857142857,0.3038674033,0.633628036
0.6666666667,0.7272727273,0.7142857143,0.6666666667,0,0.4285714286,0.3370165746,0.4497297902
0.6666666667,0.5454545455,0.3571428571,0.3333333333,1,0,0.361878453,0.5088124754
0.6666666667,0.7272727273,0.2857142857,0.3333333333,0,0.4285714286,0.5220994475,0.6301883236
0.6666666667,0.7272727273,0.2142857143,0.3333333333,0,0.7857142857,0.4668508287,0.6370528655
0.6666666667,0.06060606061,0,0.5,2,0.07142857143,0.4005524862,0.5002810305
0.6666666667,0.5454545455,0.07142857143,0.3333333333,0,0.4285714286,0.3287292818,0.7316441986
0.7777777778,0.7575757576,0.07142857143,0.5,0,0.5714285714,0.3950276243,0.5396208715
0.7777777778,0.6363636364,0.6428571429,0.5,0,0.07142857143,0.4143646409,0.6411162839
0.7777777778,0.7575757576,0.7142857143,0.3333333333,0,0.07142857143,0.3011049724,0.4316652591
0.7777777778,0.2424242424,0.2857142857,0.5,0,0.4285714286,0.3093922652,0.6076070448
0.7777777778,0.5757575758,0.7142857143,0.3333333333,0,0,0.3563535912,0.3924388198
0.7777777778,0.4242424242,0.6428571429,0.5,0,0,0.4171270718,0.5453365366
0.7777777778,0.1818181818,0.2142857143,0.3333333333,0,0.2857142857,0.3066298343,0.555937604
0.7777777778,0.6666666667,0.1428571429,0.5,0,0,0.3149171271,0.5551593988
0.7777777778,0.0303030303,0.3571428571,0.5,0,0.07142857143,0.4171270718,0.5024939176
0.7777777778,0.5151515152,0.6428571429,0.5,0,0,0.5,0.01698163748
0.7777777778,0.1515151515,0,0.5,0,0,0.3121546961,0.4561298128
0.7777777778,0.5454545455,0.1428571429,0.5,0,0,0.2486187845,0.5990586552
0.7777777778,0.1818181818,0.7142857143,0.5,0,0.2857142857,0.3093922652,0.4911987986
0.7777777778,0.4848484848,0.2857142857,0.3333333333,1,0.1428571429,0.3425414365,0.5073341706
0.7777777778,0.6666666667,0.6428571429,0.5,0,0.2857142857,0.3287292818,0.4415148344
0.7777777778,0.7575757576,0.7142857143,0.5,0,0.07142857143,0.2872928177,0.3324754573
0.8888888889,0.6363636364,1,0.5,0,0.4285714286,0.317679558,0.6103377671
0.8888888889,0.1515151515,0.4285714286,0.3333333333,0,0.1428571429,0.4364640884,0.5612426881
0.8888888889,0.5757575758,0.3571428571,0.5,0,0.2857142857,0.3121546961,0.6655145315
0.8888888889,0.6060606061,0.7857142857,0.5,0,0.07142857143,0.4005524862,0.6098685888
0.8888888889,0.06060606061,0.4285714286,0.3333333333,0,0.4285714286,0.3508287293,0.5089514985
0.8888888889,0.3636363636,0.6428571429,0.6666666667,0,0.07142857143,0.4005524862,0.1794120469
0.8888888889,0.5757575758,1,0.3333333333,0,0.4285714286,0.0248618785,0.800130159
0.8888888889,0.696969697,0,0.6666666667,0,0.07142857143,0.3977900552,0.3450875171
0.8888888889,0.4242424242,0.2857142857,0.6666666667,0,0.4285714286,0.3425414365,0.5712263953
0.8888888889,0.1515151515,0.07142857143,0.5,0,0.1428571429,0.3508287293,0.6362482494
0.8888888889,0.7575757576,0,0.5,0,0.7857142857,0.3093922652,0.6157216437
0.8888888889,0.7272727273,0.4285714286,0.3333333333,0,0.1428571429,0.3563535912,0.6121747816
0.8888888889,0.4242424242,0.5,0.6666666667,0,0.2857142857,0.1906077348,0.4006550349
0.8888888889,0.7575757576,0.1428571429,0.3333333333,0,0.4285714286,0.3977900552,0.4227640018
0.8888888889,0.1212121212,0.4285714286,0.3333333333,0,0,0.3149171271,0.5229227025
0.8888888889,0.4545454545,0.3571428571,0.5,0,0,0.3674033149,0.7597646328
1,0.8181818182,0,0.6666666667,0,0.6428571429,0.3038674033,0.1158976148
1,0.8181818182,0.7857142857,0.1666666667,0,0,0.3922651934,0.5643027588
1,0.7878787879,0.3571428571,0.5,0,0.1428571429,0.3038674033,0.4533468813
1,0.1818181818,0.5714285714,0.3333333333,0,0.07142857143,0.3563535912,0.5947916958
1,0.9090909091,0.6428571429,0.3333333333,0,0.07142857143,0.4364640884,0.2791981973
1,0.9393939394,0.2142857143,0.5,0,0,0.3232044199,0.8024290576
1,0.1818181818,0.07142857143,0.3333333333,0,0.07142857143,0.361878453,0.7383113719
1,0.2727272727,0.1428571429,0.5,0,0.1428571429,0.5055248619,0.5417229192
1,0.2424242424,0.1428571429,0.3333333333,0,0,0.3950276243,0.3926060769
1,0.0303030303,0.5714285714,0.3333333333,0,0.1428571429,0.3812154696,0.5118867312
1,0.4545454545,0.3571428571,0.5,0,0.2142857143,0.3066298343,0.457254431
1,0,0.8571428571,0.6666666667,0,0.4285714286,0.3397790055,0.4220832652
0,0.3333333333,0,0.5,2,0.1428571429,0.635359116,0.4619675192
0,0.7575757576,0.07142857143,0.1666666667,1,0,0.7845303867,0.8644068339
0,0.2727272727,0.5714285714,0.1666666667,1,0.07142857143,0.7154696133,0.5603772852
0,0.09090909091,0.2142857143,0.1666666667,2,0,0.5552486188,0.6109509786
0,0.1515151515,0,0.1666666667,2,0.2857142857,0.5138121547,0.5051692677
0.1111111111,0.4848484848,0,0.1666666667,2,0.1428571429,0.544198895,0.5406195155
0.1111111111,0.8484848485,0.3571428571,0.3333333333,0,0.2142857143,0.6436464088,0.8029954254
0.1111111111,0.1818181818,0.07142857143,0.1666666667,0,0.07142857143,0.6022099448,0.583567375
0.1111111111,0.7878787879,0.07142857143,0.3333333333,1,0.07142857143,0.773480663,0.5307601339
0.1111111111,0.5757575758,0.7857142857,0.3333333333,0,0.07142857143,0.6906077348,0.6882911292
0.2222222222,0.8181818182,0.3571428571,0.3333333333,0,0.07142857143,0.3011049724,0.4858718588
0.2222222222,0.6060606061,0.7857142857,0.5,1,0.07142857143,0.5580110497,0.7432126417
0.2222222222,0.9090909091,0.4285714286,0.3333333333,0,0.4285714286,0.5524861878,0.6519752484
0.2222222222,0.8787878788,0.07142857143,0.1666666667,0,0,0.6077348066,0.6101943805
0.2222222222,0.1212121212,0.4285714286,0.3333333333,1,0.07142857143,0.5497237569,0.4508152024
0.2222222222,0.06060606061,0.07142857143,0.3333333333,0,0.4285714286,0.6546961326,0.663268178
0.2222222222,0.6666666667,0.7857142857,0.1666666667,0,0.1428571429,0.6464088398,0.8210337908
0.2222222222,0.4545454545,0.3571428571,0.3333333333,1,0.4285714286,0.5165745856,0.8403698354
0.3333333333,0.5454545455,0.4285714286,0.3333333333,0,0,0.4972375691,0.644267641
0.3333333333,0.696969697,0.7142857143,0.1666666667,0,0.07142857143,0.5745856354,0.4734770738
0.3333333333,0.2424242424,0.2857142857,0.1666666667,0,0.4285714286,0.6104972376,0.5778145483
0.3333333333,0.8484848485,0.5714285714,0.1666666667,1,0,0.5248618785,0.4983398321
0.3333333333,1,0.6428571429,0.5,0,0.6428571429,0.6049723757,0.6144943571
0.3333333333,0.09090909091,0.1428571429,0.1666666667,0,0.4285714286,0.4972375691,0.5564249875
0.3333333333,0.0303030303,0.2142857143,0.3333333333,1,0.1428571429,0.6270718232,0.4245819247
0.3333333333,0.9393939394,0.5714285714,0,1,0,0.5,0.7428299742
0.3333333333,0.1818181818,0.4285714286,0.1666666667,0,0,0.5055248619,0.4935172718
0.3333333333,0.9696969697,0.7857142857,0.5,0,0.5714285714,0.5248618785,0.7434886535
0.3333333333,0,0.4285714286,0.1666666667,0,0.07142857143,0.4917127072,0.5557278001
0.3333333333,0.7272727273,0.3571428571,0.3333333333,0,0.2142857143,0.5110497238,0.7798318295
0.4444444444,0.6666666667,0,0.1666666667,0,0.5,0.4889502762,0.3443044175
0.4444444444,0.8181818182,0.3571428571,0.1666666667,0,0.4285714286,0.4254143646,0.6245964367
0.4444444444,0.6060606061,0.2857142857,0.5,1,0.07142857143,0.4502762431,0.5368063881
0.4444444444,0.4848484848,0.3571428571,0.3333333333,1,0.07142857143,0.5331491713,0.6569881229
0.4444444444,0.2424242424,0.8571428571,0.3333333333,0,0.07142857143,0.4779005525,0.4601656045
0.4444444444,0.06060606061,0.4285714286,0.3333333333,0,0,0.5,0.68449162
0.4444444444,0.1212121212,0.6428571429,0.5,1,0.2142857143,0.4944751381,0.5125085999
0.4444444444,0.09090909091,0.6428571429,0.5,1,0.8571428571,0.4613259669,0.6118267484
0.5555555556,0.7575757576,0.4285714286,0.3333333333,0,0,0.4696132597,0.7040916434
0.5555555556,0.696969697,0.07142857143,0.3333333333,0,0.4285714286,0.408839779,0.5955795536
0.5555555556,0.0303030303,0.8571428571,0.5,1,0.4285714286,0.5082872928,0.3030671198
0.5555555556,1,0.6428571429,0.5,1,0.4285714286,0.4917127072,0.4471825807
0.5555555556,0.3636363636,0.1428571429,0.3333333333,0,0.6428571429,0.4806629834,0.6595081527
0.5555555556,0.5151515152,0.3571428571,0.3333333333,0,0.2857142857,0.5055248619,0.8552169246
0.5555555556,0.8787878788,0.3571428571,0.5,0,0.07142857143,0.4116022099,0.6769443615
0.5555555556,0.9393939394,0.3571428571,0.3333333333,0,0.07142857143,0.4944751381,0.5685868494
0.5555555556,0.09090909091,0.07142857143,0.3333333333,0,0.07142857143,0.4779005525,0.7465474528
0.5555555556,0.7272727273,0.3571428571,0.5,0,0.07142857143,0.5497237569,0.6018870947
0.5555555556,0,0.07142857143,0.5,0,0.8571428571,0.4585635359,0.6551385064
0.5555555556,0.7878787879,0.4285714286,0.5,0,0,0.4834254144,0.8079952989
0.5555555556,0.6363636364,0.1428571429,0.3333333333,0,0.7857142857,0.4254143646,0.6094691608
0.5555555556,0.5757575758,0.1428571429,0.1666666667,1,0.4285714286,0.4751381215,0.703091172
0.5555555556,0.3939393939,0.7142857143,0.5,0,0.5714285714,0.4806629834,0.457320158
0.5555555556,0.6060606061,0,0.3333333333,0,0,0.4033149171,0.5590417031
0.5555555556,0.9090909091,0.2857142857,0.3333333333,1,0,0.4475138122,0.6402163885
0.5555555556,0.2424242424,0.4285714286,0.3333333333,1,0.2142857143,0.4502762431,0.7179839132
0.5555555556,0.5454545455,0.2857142857,0.3333333333,0,0.07142857143,0.4613259669,0.5192461799
0.5555555556,0.4545454545,0.4285714286,0.3333333333,0,0.07142857143,0.453038674,0.4427259307
0.5555555556,0.2424242424,0.5714285714,0.1666666667,0,0.4285714286,0.3922651934,0.5333031936
0.5555555556,0.4242424242,0.1428571429,0.5,1,0.8571428571,0.4226519337,0.6207106379
0.5555555556,0.8181818182,0.4285714286,0.5,0,0.1428571429,0.4696132597,0.4483439647
0.5555555556,0.1818181818,0.4285714286,0.3333333333,0,0.2857142857,0.4972375691,0.5234648127
0.5555555556,0.3636363636,0.7857142857,0.3333333333,0,0.7857142857,0.4337016575,0.8094236515
0.5555555556,0.2424242424,0.2857142857,0.3333333333,0,0.1428571429,0.4171270718,0.37908022
0.5555555556,0.9393939394,0.3571428571,0.3333333333,0,0.7857142857,0.4337016575,0.7691804294
0.6666666667,0.5454545455,0.3571428571,0.6666666667,0,0.4285714286,0.3508287293,0.6433689014
0.6666666667,0.0303030303,0.2857142857,0.5,0,0.4285714286,0.4447513812,0.4478424539
0.6666666667,0.2424242424,0.5714285714,0.3333333333,0,0,0.455801105,0.4433076754
0.6666666667,0.7878787879,0.2142857143,0.1666666667,0,0.2857142857,0.4613259669,0.5756814099
0.6666666667,0.8484848485,0.6428571429,0.3333333333,0,0.1428571429,0.4889502762,0.4056093742
0.6666666667,0.5151515152,0.3571428571,0.3333333333,0,0.07142857143,0.4585635359,0.6901774625
0.6666666667,0.9696969697,0.1428571429,0.3333333333,0,0.07142857143,0.4392265193,0.6065979892
0.6666666667,0.0303030303,0.3571428571,0.3333333333,1,0.4285714286,0.3232044199,0.6967365658
0.6666666667,0.7575757576,0.2142857143,0.6666666667,0,0,0.3839779006,0.6292368372
0.6666666667,0.7272727273,0.6428571429,0.5,0,0.3571428571,0.4226519337,0.6377646622
0.6666666667,0.6666666667,0.4285714286,0.1666666667,0,0.2142857143,0.4060773481,0.5220010126
0.6666666667,0.4242424242,0.7857142857,0.5,0,0.8571428571,0.3977900552,0.5307434443
0.6666666667,0.5151515152,0.1428571429,0.1666666667,0,0.07142857143,0.3425414365,0.5047721599
0.6666666667,0.9090909091,0.7142857143,0.1666666667,0,0.07142857143,0.4613259669,0.3494225969
0.6666666667,0.06060606061,0.1428571429,0.3333333333,0,0.1428571429,0.3563535912,0.4474548232
0.6666666667,0.5454545455,0.2142857143,0.3333333333,1,0.5,0.361878453,0.4593184994
0.6666666667,0.4545454545,0,0.3333333333,0,0.07142857143,0.3812154696,0.5665749487
0.6666666667,0.8787878788,0.6428571429,0.3333333333,0,0,0.3121546961,0.4567847816
0.6666666667,0,0.7142857143,0.5,0,0,0.455801105,0.2488506865
0.6666666667,0.5151515152,0.2857142857,0.5,0,0.4285714286,0.4005524862,0.503363986
0.6666666667,0.1515151515,0.1428571429,0.5,0,0.4285714286,0.4116022099,0.6885992609
0.6666666667,0.6060606061,0.2142857143,0.3333333333,0,0.1428571429,0.3950276243,0.4926695409
0.6666666667,0.2727272727,0.1428571429,0.3333333333,0,0,0.4613259669,0.5466593663
0.7777777778,0.696969697,0.3571428571,0.5,0,0.8571428571,0.4116022099,0.7587632117
0.7777777778,0.2727272727,0.7857142857,0.3333333333,0,0.1428571429,0.4143646409,0.5955752654
0.7777777778,1,0.5714285714,0.3333333333,1,0.4285714286,0.4668508287,0.4902492301
0.7777777778,0.8787878788,0.2142857143,0.1666666667,0,0.3571428571,0.3977900552,0.6073378694
0.7777777778,0.8484848485,0.7142857143,0.5,0,0.07142857143,0.4198895028,0.4782901853
0.7777777778,0.5757575758,0.2142857143,0.1666666667,0,0.3571428571,0.4447513812,0.6304052473
0.7777777778,0.8181818182,0.6428571429,0.6666666667,0,0,0.4143646409,0.431484664
0.7777777778,0.1818181818,0.1428571429,0.3333333333,0,0.2857142857,0.4281767956,0.4403136742
0.7777777778,0.0303030303,0.1428571429,0.3333333333,0,0.5714285714,0.3867403315,0.4328262779
0.7777777778,0.1212121212,0,0.5,0,0.1428571429,0.4779005525,0.4215966602
0.7777777778,0.6363636364,0.1428571429,0.3333333333,0,0.07142857143,0.320441989,0.5318655133
0.7777777778,0.4545454545,0.4285714286,0.5,0,0,0.3093922652,0.5521277475
0.7777777778,0.7575757576,0.1428571429,0.5,0,0.7857142857,0,0.4561911338
0.7777777778,0.0303030303,0.6428571429,0.5,0,0.1428571429,0.3563535912,0.35878209
0.7777777778,0.5454545455,0.2142857143,0.3333333333,0,0.7857142857,0.2955801105,0.6862318429
0.8888888889,0.6666666667,0.2857142857,0.5,0,0.07142857143,0.5828729282,0.4852223384
0.8888888889,0.7272727273,0.4285714286,0.3333333333,0,0.1428571429,0.3370165746,0.6075425422
0.8888888889,0.2727272727,0.2142857143,0.5,0,0.5714285714,0.2955801105,0.5233243384
0.8888888889,0.9696969697,0.2857142857,0.3333333333,0,0.2142857143,0.4060773481,0.4553467764
0.8888888889,1,0.7142857143,0.3333333333,1,0,0.0248618785,0.4497056482
0.8888888889,0.06060606061,0.5714285714,0.3333333333,0,0.7857142857,0.3259668508,0.5654874725
0.8888888889,0.8181818182,0.2857142857,0.5,0,0.2857142857,0.3701657459,0.5312876283
0.8888888889,0.9393939394,0.07142857143,0.3333333333,0,0.1428571429,0.2651933702,0.5306121101
0.8888888889,0.7878787879,0.8571428571,0.6666666667,1,0.3571428571,0.3895027624,0.3871305595
0.8888888889,0.6060606061,0.7142857143,0.5,0,0.1428571429,0.3977900552,0.320697484
0.8888888889,0.0303030303,0.7857142857,0.3333333333,0,0.1428571429,0.4723756906,0.8497173535
0.8888888889,0.7575757576,0.3571428571,0.5,0,0,0.0248618785,0.5183838626
0.8888888889,0.4242424242,0.07142857143,0.5,0,0.07142857143,0.4116022099,0.6190130696
0.8888888889,0.9696969697,1,0.3333333333,0,0.1428571429,0.3232044199,0.469421641
0.8888888889,0.7878787879,0.1428571429,0.3333333333,0,0.8571428571,0.3812154696,0.8450513423
0.8888888889,0.2424242424,0.7142857143,0.5,0,0.07142857143,0.2872928177,0.2600995462
0.8888888889,0.3939393939,0.7142857143,0.6666666667,0,0,0.2679558011,0.4963924111
0.8888888889,0.1818181818,0.2857142857,0.3333333333,0,0,0.4392265193,0.6096109141
1,0.0303030303,0.2857142857,0.5,0,0.4285714286,0.3922651934,0.7086277226
1,0.9090909091,0.5714285714,0.5,0,0,0.270718232,0.4498601736
1,0.696969697,0.4285714286,0.3333333333,0,0.4285714286,0.3149171271,0.6429656289
1,0.3636363636,0.3571428571,0.5,0,0.2857142857,0.3535911602,0.5396672561
1,0.9696969697,0.07142857143,0.6666666667,0,0.1428571429,0.408839779,0.5429455719
1,0.8181818182,0.1428571429,0.1666666667,0,0.1428571429,0.4143646409,0.53546465
1,0.4848484848,0.8571428571,0.5,0,0.2857142857,0.3259668508,0.3248618622
1,0.5454545455,0.1428571429,0.1666666667,0,0.07142857143,0.408839779,0.672839877
