DP Normalizado,Tm # Normalizado,Pos # Normalizado,Age Normalizado,AvgAV Categorizado,Conference # Norm,NFL.com Grade,SPORQ Normalizado
0.0000000000,0.0000000000,0.0000000000,0.3333333333,2,0.0000000000,1.0000000000,0.7053400679
0.0000000000,0.0303030303,0.7142857143,0.5000000000,1,0.0000000000,0.9459459459,0.6233158839
0.0000000000,0.0606060606,0.4285714286,0.3333333333,0,0.0769230769,0.9009009009,0.5048192625
0.0000000000,0.0909090909,0.3571428571,0.1666666667,2,0.1538461538,0.8918918919,0.8042991837
0.0000000000,0.1212121212,0.4285714286,0.1666666667,1,0.0769230769,0.8234234234,0.6402162481
0.1111111111,0.1515151515,0.2857142857,0.3333333333,1,0.2307692308,0.8558558559,0.7760903033
0.1111111111,0.1818181818,0.2857142857,0.1666666667,2,0.0769230769,0.8648648649,0.5567326309
0.1111111111,0.2121212121,0.2857142857,0.1666666667,1,0.0769230769,0.8198198198,0.4744704900
0.1111111111,0.2424242424,0.0714285714,0.6666666667,1,0.3076923077,0.6936936937,0.8008229922
0.1111111111,0.2727272727,0.0714285714,0.3333333333,0,0.1538461538,0.8378378378,0.5405921450
0.1111111111,0.3030303030,0.0714285714,0.5000000000,1,0.0769230769,0.8828828829,0.7053814708
0.1111111111,0.3333333333,0.0714285714,0.5000000000,0,0.3846153846,0.7747747748,0.6563870712
0.1111111111,0.3636363636,0.1428571429,0.3333333333,1,0.3076923077,0.8468468468,0.6193769103
0.2222222222,0.3939393939,0.0714285714,0.3333333333,1,0.1538461538,0.7693693694,0.7127592356
0.2222222222,0.4242424242,0.7142857143,0.5000000000,1,0.4615384615,0.8558558559,0.3902417281
0.2222222222,0.4545454545,0.6428571429,0.3333333333,1,0.0000000000,0.9189189189,0.5292752747
0.2222222222,0.4848484848,0.0714285714,0.3333333333,1,0.4615384615,0.8018018018,0.6282632503
0.2222222222,0.5151515152,0.6428571429,0.3333333333,1,0.4615384615,0.7837837838,0.4983415579
0.2222222222,0.5454545455,0.0714285714,0.3333333333,0,0.0000000000,0.8108108108,0.8295195467
0.2222222222,0.0303030303,0.4285714286,0.5000000000,1,0.5384615385,0.7747747748,0.6311075864
0.2222222222,0.5757575758,0.2142857143,0.5000000000,1,0.3846153846,0.8018018018,0.7224399114
0.2222222222,0.6060606061,0.2142857143,0.1666666667,0,0.1538461538,0.7837837838,0.8104389397
0.3333333333,0.2121212121,0.1428571429,0.5000000000,0,0.6153846154,0.7513513514,0.5710834437
0.3333333333,0.6363636364,0.2857142857,0.3333333333,1,0.2307692308,0.1081081081,0.6801593644
0.3333333333,0.6666666667,0.7142857143,0.5000000000,1,0.0000000000,0.7387387387,0.2755586449
0.3333333333,0.6969696970,0.3571428571,0.5000000000,0,0.1538461538,0.8108108108,0.6805276468
0.3333333333,0.2121212121,0.4285714286,0.5000000000,1,0.6923076923,0.8018018018,0.5573372316
0.3333333333,0.0909090909,0.6428571429,0.5000000000,0,0.7692307692,0.7603603604,0.4973150581
0.3333333333,0.1212121212,0.6428571429,0.3333333333,1,0.0769230769,0.8378378378,0.3965777394
0.3333333333,0.2727272727,0.1428571429,0.1666666667,0,0.1538461538,0.8018018018,0.7322509389
0.3333333333,0.1515151515,0.7142857143,0.3333333333,0,0.4615384615,0.7387387387,0.3911659817
0.3333333333,0.1818181818,0.3571428571,0.1666666667,1,0.0000000000,0.6882882883,0.8454313314
0.4444444444,0.3030303030,0.2857142857,0.3333333333,0,0.2307692308,0.7657657658,0.7552591605
0.4444444444,0.2121212121,0.2142857143,0.3333333333,0,0.2307692308,0.6342342342,0.4869308335
0.4444444444,0.5454545455,0.2857142857,0.3333333333,0,0.4615384615,0.7747747748,0.5713456539
0.4444444444,0.4545454545,0.7142857143,0.3333333333,0,0.4615384615,0.8018018018,0.3956664237
0.4444444444,0.5757575758,0.3571428571,0.3333333333,1,0.4615384615,0.8108108108,0.6566767521
0.4444444444,0.1818181818,0.0714285714,0.6666666667,0,0.8461538462,0.7747747748,0.5785460718
0.4444444444,0.7272727273,0.7142857143,0.5000000000,1,0.3076923077,0.7477477477,0.5127965067
0.4444444444,0.7575757576,0.2142857143,0.3333333333,0,0.0000000000,0.5765765766,0.6085913719
0.4444444444,0.5454545455,0.4285714286,0.3333333333,1,0.0769230769,0.5801801802,0.5829206566
0.4444444444,0.6060606061,0.1428571429,0.1666666667,0,0.0769230769,0.8018018018,0.4780326907
0.4444444444,0.0000000000,0.7857142857,0.3333333333,0,0.1538461538,0.7693693694,0.5470198810
0.5555555556,0.2121212121,0.4285714286,0.3333333333,0,0.6923076923,0.7567567568,0.5806730065
0.5555555556,0.0303030303,0.4285714286,0.1666666667,0,0.2307692308,0.6162162162,0.8253390988
0.5555555556,0.4848484848,0.1428571429,0.3333333333,0,0.4615384615,0.5405405405,0.6469114932
0.5555555556,0.1212121212,0.1428571429,0.5000000000,0,0.1538461538,0.5045045045,0.5020237087
0.5555555556,0.7878787879,0.6428571429,0.5000000000,0,0.2307692308,0.4180180180,0.4013570987
0.5555555556,0.8181818182,0.3571428571,0.1666666667,1,0.1538461538,0.7297297297,0.7016941421
0.5555555556,0.3030303030,0.4285714286,0.3333333333,0,0.0769230769,0.6036036036,0.4984245012
0.5555555556,0.1515151515,0.7142857143,0.5000000000,0,0.3076923077,0.7297297297,0.7015736623
0.5555555556,0.2424242424,0.0000000000,0.5000000000,2,0.4615384615,0.4864864865,0.5643490156
0.5555555556,0.2727272727,0.3571428571,0.5000000000,1,0.6153846154,0.5045045045,0.7749956821
0.5555555556,0.8181818182,0.7857142857,0.3333333333,0,0.0769230769,0.5405405405,0.8210747165
0.5555555556,0.8484848485,0.4285714286,0.5000000000,0,0.3076923077,0.7567567568,0.6967141161
0.5555555556,0.0606060606,0.0714285714,0.3333333333,0,0.3846153846,0.6486486486,0.6576410118
0.5555555556,0.3636363636,0.2857142857,0.3333333333,0,0.4615384615,0.5945945946,0.8570137407
0.5555555556,0.5151515152,0.1428571429,0.5000000000,1,0.4615384615,0.7027027027,0.6414588220
0.5555555556,0.7272727273,0.2142857143,0.1666666667,0,0.2307692308,0.5315315315,0.6521518377
0.5555555556,0.4242424242,0.4285714286,0.5000000000,0,0.6153846154,0.5765765766,0.3226789410
0.5555555556,0.4545454545,0.3571428571,0.3333333333,0,0.1538461538,0.6972972973,0.5552746915
0.5555555556,0.3939393939,0.0714285714,0.5000000000,0,0.0769230769,0.4414414414,0.7437534720
0.5555555556,0.8787878788,0.7142857143,0.5000000000,0,0.8461538462,0.1621621622,0.4669876189
0.5555555556,0.5151515152,0.2857142857,0.3333333333,0,0.1538461538,0.7747747748,0.5212213621
0.5555555556,0.9090909091,0.7142857143,1.0000000000,0,0.0000000000,0.3153153153,0.4599020340
0.6666666667,0.2121212121,0.1428571429,0.3333333333,0,0.1538461538,0.6936936937,0.5293548227
0.6666666667,0.4848484848,0.8571428571,0.5000000000,1,0.0769230769,0.6612612613,0.4639819834
0.6666666667,0.7878787879,0.0000000000,0.6666666667,1,0.4615384615,0.5675675676,0.2892502536
0.6666666667,0.1212121212,0.3571428571,0.5000000000,1,0.1538461538,0.5081081081,0.6995602043
0.6666666667,0.2424242424,0.2142857143,0.3333333333,0,0.3846153846,0.4774774775,0.6836967788
0.6666666667,0.6363636364,0.9285714286,1.0000000000,0,0.3076923077,0.4900900901,0.5157605059
0.6666666667,0.3030303030,0.7857142857,0.3333333333,0,0.6153846154,0.2612612613,0.6407745862
0.6666666667,0.3333333333,0.7857142857,0.5000000000,0,0.2307692308,0.2207207207,0.6868560891
0.6666666667,0.8484848485,0.7142857143,0.5000000000,1,0.0769230769,0.7837837838,0.4241342967
0.6666666667,0.0606060606,0.3571428571,0.5000000000,0,0.1538461538,0.3423423423,0.6291295138
0.6666666667,0.2424242424,0.2857142857,0.5000000000,0,0.0769230769,0.3369369369,0.5980952614
0.6666666667,0.3636363636,0.4285714286,0.5000000000,0,0.1538461538,0.2702702703,0.6304820874
0.6666666667,0.0303030303,0.1428571429,0.3333333333,0,0.0769230769,0.4900900901,0.5682115639
0.6666666667,0.6666666667,0.3571428571,0.5000000000,0,0.3846153846,0.4954954955,0.7103154164
0.6666666667,0.4848484848,0.1428571429,0.3333333333,0,0.4615384615,0.6216216216,0.6117390975
0.6666666667,0.4242424242,0.3571428571,0.1666666667,0,0.3076923077,0.7567567568,0.5996837171
0.6666666667,0.4848484848,0.0714285714,0.5000000000,0,0.4615384615,0.7603603604,0.5153350566
0.6666666667,0.7272727273,0.4285714286,0.3333333333,0,0.9230769231,0.2117117117,0.5649286532
0.6666666667,0.6060606061,0.7142857143,0.5000000000,0,0.0769230769,0.5675675676,0.4899735935
0.6666666667,0.5454545455,0.4285714286,0.5000000000,0,0.6923076923,0.2882882883,0.6048016377
0.7777777778,0.6363636364,0.2857142857,0.3333333333,1,0.0769230769,0.1531531532,0.5207303145
0.7777777778,0.4242424242,0.3571428571,0.3333333333,0,0.2307692308,0.2297297297,0.6830680689
0.7777777778,0.0303030303,0.4285714286,0.5000000000,0,0.5384615385,0.3333333333,0.5501591468
0.7777777778,0.7878787879,0.6428571429,0.5000000000,0,0.4615384615,0.1936936937,0.5718270085
0.7777777778,0.6969696970,0.3571428571,0.3333333333,0,0.3846153846,0.2252252252,0.5512692582
0.7777777778,0.0909090909,0.4285714286,0.6666666667,1,0.6153846154,0.6036036036,0.5017254502
0.7777777778,0.1212121212,0.9285714286,0.3333333333,0,0.1538461538,0.7423423423,0.3607647972
0.7777777778,0.1212121212,0.3571428571,0.5000000000,0,0.3076923077,0.2072072072,0.6843712878
0.7777777778,0.3030303030,0.6428571429,0.6666666667,0,0.4615384615,0.2342342342,0.5154629659
0.7777777778,0.2121212121,0.6428571429,0.5000000000,0,0.0769230769,0.2702702703,0.4813176381
0.7777777778,0.8484848485,0.6428571429,0.3333333333,0,0.0000000000,0.5585585586,0.3772069511
0.7777777778,0.0606060606,0.1428571429,0.6666666667,0,0.1538461538,0.3009009009,0.5366077299
0.7777777778,0.8787878788,0.2142857143,0.3333333333,0,0.4615384615,0.1801801802,0.6741814759
0.7777777778,0.9090909091,0.0714285714,0.6666666667,0,0.4615384615,0.4270270270,0.7039098784
0.7777777778,0.4545454545,0.2142857143,0.6666666667,0,0.0769230769,0.5441441441,0.6138327947
0.7777777778,0.6666666667,0.6428571429,0.5000000000,0,0.0000000000,0.4504504505,0.4852146320
0.7777777778,0.9393939394,0.4285714286,0.3333333333,0,0.6923076923,0.2252252252,0.6658117440
0.7777777778,0.5454545455,0.3571428571,0.3333333333,0,0.1538461538,0.6081081081,0.5153577234
0.7777777778,0.8787878788,0.0714285714,0.6666666667,0,0.6153846154,0.5585585586,0.6327199693
0.7777777778,0.7575757576,0.3571428571,0.5000000000,0,0.5384615385,0.3279279279,0.6154952726
0.7777777778,0.5151515152,0.1428571429,0.3333333333,1,0.0000000000,0.5855855856,0.4864526517
0.7777777778,0.5151515152,0.4285714286,0.3333333333,0,0.3846153846,0.5675675676,0.6800509337
0.7777777778,0.9090909091,0.1428571429,0.3333333333,0,0.0000000000,0.6882882883,0.5928501119
0.7777777778,0.7272727273,0.4285714286,0.3333333333,0,0.6923076923,0.5225225225,0.5401353042
0.7777777778,0.0000000000,0.2142857143,0.3333333333,0,0.0769230769,0.2162162162,0.5588287345
0.8888888889,0.7878787879,0.2142857143,0.5000000000,1,0.8461538462,0.1081081081,0.5878209471
0.8888888889,0.6969696970,0.4285714286,0.5000000000,0,0.1538461538,0.3603603604,0.5423066620
0.8888888889,0.8484848485,0.4285714286,0.3333333333,0,0.6923076923,0.1621621622,0.7022940402
0.8888888889,0.9393939394,0.6428571429,0.5000000000,0,0.1538461538,0.1081081081,0.1995137799
0.8888888889,0.1515151515,0.2142857143,0.3333333333,0,0.0769230769,0.5081081081,0.4681208540
0.8888888889,0.8181818182,0.1428571429,0.5000000000,0,0.4615384615,0.5765765766,0.4381684834
0.8888888889,0.8484848485,0.0000000000,0.5000000000,0,0.3846153846,0.4054054054,0.3263180719
0.8888888889,0.0606060606,0.7857142857,0.5000000000,0,0.3076923077,0.4234234234,0.8310600499
0.8888888889,0.5151515152,0.2142857143,0.5000000000,0,0.4615384615,0.2252252252,0.6166258625
0.8888888889,0.8787878788,0.4285714286,0.3333333333,0,0.0769230769,0.2387387387,0.6438495086
0.8888888889,0.7878787879,0.7142857143,0.5000000000,0,0.6923076923,0.4810810811,0.6011231330
0.8888888889,0.1818181818,0.1428571429,0.5000000000,0,0.4615384615,0.4810810811,0.6738195620
0.8888888889,0.7272727273,0.1428571429,0.3333333333,0,0.1538461538,0.4954954955,0.5923470816
0.8888888889,0.1818181818,0.6428571429,0.6666666667,0,0.1538461538,0.4414414414,0.4043662810
0.8888888889,0.2727272727,0.2142857143,0.5000000000,0,0.3076923077,0.3279279279,0.7038218041
0.8888888889,0.6666666667,0.2857142857,0.5000000000,0,0.3846153846,0.7657657658,0.5576221227
1.0000000000,0.0000000000,0.9285714286,0.6666666667,0,0.0769230769,0.1711711712,0.4700636829
1.0000000000,0.0303030303,0.3571428571,0.5000000000,0,0.1538461538,0.4684684685,0.5943925352
1.0000000000,0.3636363636,0.0714285714,0.5000000000,0,0.8461538462,0.2792792793,0.7750998682
1.0000000000,0.8181818182,0.2857142857,0.5000000000,0,0.3076923077,0.4144144144,0.5835524325
1.0000000000,0.0303030303,0.0714285714,0.3333333333,0,0.0000000000,0.3333333333,0.5098709370
1.0000000000,0.8484848485,0.7142857143,0.6666666667,0,0.3846153846,0.3819819820,0.4190439232
1.0000000000,0.0606060606,0.3571428571,0.3333333333,0,0.6923076923,0.2018018018,0.4986748377
1.0000000000,0.2424242424,0.2857142857,0.5000000000,1,0.1538461538,0.1621621622,0.7289498449
1.0000000000,0.8181818182,0.1428571429,0.3333333333,0,0.3846153846,0.5765765766,0.5974711723
1.0000000000,0.9090909091,0.3571428571,0.6666666667,0,0.4615384615,0.0900900901,0.5867538675
1.0000000000,0.5757575758,0.7857142857,0.5000000000,0,0.4615384615,0.1621621622,0.7221026040
1.0000000000,0.9393939394,0.9285714286,0.6666666667,0,0.4615384615,0.2288288288,0.2249471946
1.0000000000,0.7575757576,0.0714285714,0.3333333333,0,0.1538461538,0.5495495495,0.5907576217
1.0000000000,0.1515151515,0.1428571429,0.5000000000,0,0.4615384615,0.3243243243,0.7685486779
1.0000000000,0.6060606061,0.2857142857,1.0000000000,0,0.1538461538,0.1351351351,0.7363144200
1.0000000000,0.4545454545,0.7857142857,0.5000000000,0,0.0000000000,0.2342342342,0.4949657112
1.0000000000,0.5454545455,0.9285714286,0.3333333333,0,0.1538461538,0.4180180180,0.5015671796
1.0000000000,0.2727272727,0.4285714286,0.5000000000,0,0.0769230769,0.4954954955,0.5249572244
1.0000000000,0.2727272727,0.1428571429,0.6666666667,0,0.9230769231,0.3783783784,0.5639853975
1.0000000000,0.6666666667,0.4285714286,0.5000000000,0,0.0000000000,0.7387387387,0.5299958947
1.0000000000,0.4545454545,0.4285714286,0.3333333333,0,0.0769230769,0.4414414414,0.5808355250
1.0000000000,0.4545454545,0.7142857143,0.5000000000,1,0.2307692308,0.1396396396,0.3660340746
1.0000000000,0.3030303030,0.2142857143,0.1666666667,0,0.4615384615,0.3513513514,0.4783718244
1.0000000000,0.0000000000,0.0000000000,0.6666666667,0,0.9230769231,0.2432432432,0.5124238542
0.0000000000,0.1515151515,0.7142857143,0.3333333333,1,0.9230769231,0.9459459459,0.6546954064
0.0000000000,0.6969696970,0.7142857143,0.1666666667,0,0.0769230769,0.9693693694,0.4939250131
0.0000000000,0.8181818182,0.0714285714,0.5000000000,0,0.0000000000,0.9369369369,0.6635346236
0.0000000000,0.1818181818,0.7142857143,0.5000000000,1,0.3076923077,0.9261261261,0.8030805642
0.0000000000,0.6666666667,0.3571428571,0.3333333333,0,0.0769230769,0.9243243243,0.7586808238
0.0000000000,0.8484848485,0.6428571429,0.5000000000,0,0.1538461538,0.8180180180,0.5283302134
0.0000000000,0.2121212121,0.1428571429,0.5000000000,0,0.3076923077,0.8990990991,0.4585316085
0.0000000000,0.2727272727,0.4285714286,0.1666666667,0,0.0769230769,0.9315315315,0.5929895721
0.1111111111,0.9393939394,0.4285714286,0.3333333333,0,0.3076923077,0.8324324324,0.6693498486
0.1111111111,0.7575757576,0.4285714286,0.1666666667,1,0.0769230769,0.7387387387,0.7861232491
0.1111111111,0.6060606061,0.7142857143,0.5000000000,1,0.1538461538,0.5675675676,0.5003209214
0.1111111111,0.3333333333,0.6428571429,0.6666666667,1,0.0000000000,0.6396396396,0.5528407485
0.2222222222,0.5151515152,0.7857142857,0.3333333333,0,0.5384615385,0.7531531532,0.6852425308
0.2222222222,0.8787878788,0.4285714286,0.3333333333,1,0.0000000000,0.7675675676,0.6595747659
0.2222222222,0.0303030303,0.2857142857,0.1666666667,0,0.0769230769,0.9495495495,0.5245306728
0.2222222222,0.0000000000,0.0714285714,0.5000000000,0,0.1538461538,0.8414414414,0.5644683114
0.2222222222,0.5454545455,0.0714285714,0.5000000000,0,0.0000000000,0.7945945946,0.6742972325
0.2222222222,0.4848484848,0.1428571429,0.1666666667,1,0.1538461538,0.8342342342,0.4745995256
0.2222222222,0.6363636364,0.2857142857,0.6666666667,1,0.1538461538,0.7045045045,0.4558533050
0.2222222222,0.2121212121,0.3571428571,0.1666666667,1,0.0769230769,0.7657657658,0.6246108557
0.2222222222,0.0606060606,0.8571428571,0.3333333333,1,0.4615384615,0.6702702703,0.3420302693
0.3333333333,0.1818181818,0.7857142857,0.3333333333,1,0.0000000000,0.7333333333,0.4906775599
0.3333333333,0.4242424242,0.4285714286,0.3333333333,1,0.0769230769,0.5315315315,0.5760262657
0.3333333333,0.5151515152,0.2142857143,0.1666666667,1,0.1538461538,0.7657657658,0.5889835054
0.3333333333,0.3030303030,0.3571428571,0.3333333333,0,0.5384615385,0.8288288288,0.5489690621
0.3333333333,0.1212121212,0.1428571429,0.1666666667,1,0.0000000000,0.7495495495,0.4275190732
0.3333333333,0.9090909091,0.7142857143,0.6666666667,0,0.1538461538,0.7837837838,0.2879099635
0.3333333333,0.5757575758,0.4285714286,0.5000000000,0,0.0769230769,0.7729729730,0.4577914848
0.3333333333,0.0606060606,0.7857142857,0.3333333333,0,0.3846153846,0.6756756757,0.5657694544
0.3333333333,0.4545454545,0.2142857143,0.1666666667,2,0.4615384615,0.5351351351,0.6031160296
0.4444444444,0.6060606061,0.2857142857,0.1666666667,1,0.4615384615,0.7585585586,0.4915521251
0.4444444444,0.3939393939,0.3571428571,0.5000000000,1,0.8461538462,0.4918918919,0.9408762873
0.4444444444,0.5151515152,0.0714285714,1.0000000000,0,0.2307692308,0.6108108108,0.7872326998
0.4444444444,0.8181818182,0.4285714286,0.3333333333,0,0.3846153846,0.7927927928,0.6517423376
0.4444444444,0.7575757576,0.7857142857,0.5000000000,0,0.8461538462,0.6216216216,0.6974942515
0.4444444444,0.4848484848,0.4285714286,0.3333333333,0,0.0769230769,0.7189189189,0.6597181633
0.4444444444,0.6363636364,0.2142857143,0.3333333333,0,0.4615384615,0.6144144144,0.4840564568
0.4444444444,0.8787878788,0.4285714286,0.6666666667,0,0.6923076923,0.7117117117,0.7032432349
0.4444444444,0.2424242424,0.2142857143,0.3333333333,0,0.0769230769,0.5387387387,0.8704912520
0.4444444444,0.6969696970,0.4285714286,0.5000000000,0,0.2307692308,0.3711711712,0.6894474424
0.5555555556,0.4242424242,0.6428571429,0.3333333333,1,0.0769230769,0.8432432432,0.2810224363
0.5555555556,0.9090909091,0.3571428571,0.5000000000,0,0.2307692308,0.4846846847,0.7772850993
0.5555555556,0.1818181818,0.2857142857,0.5000000000,1,0.0769230769,0.6711711712,0.4924100552
0.5555555556,0.6666666667,0.4285714286,0.3333333333,0,0.3846153846,0.7063063063,0.4834527186
0.5555555556,0.8484848485,0.4285714286,0.1666666667,1,0.0769230769,0.5675675676,0.4480453807
0.5555555556,0.3636363636,0.4285714286,0.5000000000,0,0.2307692308,0.6432432432,0.6115161947
0.5555555556,0.2121212121,0.4285714286,0.3333333333,0,0.0000000000,0.4504504505,0.7781427350
0.5555555556,0.5757575758,0.0000000000,0.5000000000,0,0.1538461538,0.6828828829,0.1769747416
0.5555555556,0.0606060606,0.1428571429,0.5000000000,1,0.3076923077,0.7585585586,0.4793284770
0.5555555556,0.9393939394,0.7142857143,0.3333333333,1,0.7692307692,0.7657657658,0.7228554976
0.5555555556,0.4545454545,0.1428571429,0.3333333333,0,0.0000000000,0.7261261261,0.6021471055
0.5555555556,0.0606060606,0.4285714286,0.3333333333,0,0.6153846154,0.6396396396,0.6416772033
0.5555555556,0.3939393939,0.4285714286,0.3333333333,0,0.4615384615,0.4954954955,0.4744912410
0.5555555556,0.5151515152,0.4285714286,0.3333333333,0,0.0769230769,0.6000000000,0.6295690283
0.5555555556,0.2424242424,0.2857142857,0.3333333333,0,0.4615384615,0.4162162162,0.4334279397
0.5555555556,0.7575757576,0.0714285714,0.1666666667,0,0.0769230769,0.5351351351,0.6735348890
0.5555555556,0.2121212121,0.1428571429,0.3333333333,0,0.3076923077,0.6756756757,0.5089023901
0.5555555556,0.8181818182,0.4285714286,0.5000000000,0,0.3846153846,0.5315315315,0.6267715501
0.5555555556,0.7272727273,0.2857142857,0.6666666667,1,0.6153846154,0.5702702703,0.5355314982
0.5555555556,0.4848484848,0.0714285714,0.5000000000,0,0.0769230769,0.5387387387,0.6028935237
0.5555555556,0.1515151515,0.2142857143,0.1666666667,0,0.0769230769,0.3405405405,0.6692795870
0.5555555556,0.3636363636,0.3571428571,0.5000000000,0,0.0769230769,0.5135135135,0.8125319991
0.6666666667,0.5757575758,0.2857142857,0.1666666667,0,0.4615384615,0.4414414414,0.5659955366
0.6666666667,0.6969696970,0.1428571429,0.1666666667,0,0.0769230769,0.4774774775,0.3284052838
0.6666666667,0.3939393939,0.1428571429,0.3333333333,0,0.3076923077,0.5531531532,0.7297388370
0.6666666667,0.1212121212,0.4285714286,0.3333333333,0,0.3846153846,0.4720720721,0.6680282936
0.6666666667,0.8181818182,0.7857142857,0.3333333333,0,0.4615384615,0.4594594595,0.5833309471
0.6666666667,0.3636363636,0.8571428571,0.3333333333,0,0.0000000000,0.5315315315,0.5822165397
0.6666666667,0.0909090909,0.9285714286,0.3333333333,0,0.7692307692,0.1891891892,0.4525698383
0.6666666667,0.5454545455,0.7142857143,0.1666666667,2,0.0000000000,0.5225225225,0.3787986854
0.6666666667,0.6060606061,0.0000000000,0.5000000000,0,0.1538461538,0.6702702703,0.2482832934
0.6666666667,0.4545454545,0.4285714286,0.3333333333,0,0.1538461538,0.5063063063,0.8181723326
0.6666666667,0.9090909091,0.0000000000,0.6666666667,0,0.0769230769,0.7567567568,0.3164342194
0.6666666667,0.0606060606,0.4285714286,0.5000000000,0,0.6923076923,0.5855855856,0.7508672112
0.6666666667,0.4545454545,0.0000000000,0.6666666667,0,0.3076923077,0.4630630631,0.4084817619
0.6666666667,0.8484848485,0.6428571429,0.5000000000,0,0.6923076923,0.4792792793,0.4551333589
0.6666666667,0.3333333333,0.3571428571,0.6666666667,0,0.4615384615,0.6720720721,0.5239203294
0.6666666667,0.5454545455,0.7142857143,0.3333333333,0,0.6923076923,0.4054054054,0.5798431316
0.6666666667,0.2424242424,0.1428571429,0.5000000000,0,0.3076923077,0.4774774775,0.5971932331
0.6666666667,0.5454545455,0.2142857143,0.5000000000,0,0.0000000000,0.5549549550,0.4694152195
0.6666666667,0.5757575758,0.0714285714,0.3333333333,0,0.4615384615,0.5873873874,0.5068731148
0.6666666667,0.7575757576,0.1428571429,0.5000000000,0,0.8461538462,0.7621621622,0.5305809349
0.6666666667,0.4242424242,0.0714285714,0.5000000000,0,0.0769230769,0.3855855856,0.7885692108
0.6666666667,0.8787878788,0.7857142857,0.3333333333,0,0.0000000000,0.4414414414,0.4892144981
0.7777777778,0.1515151515,0.4285714286,0.5000000000,0,0.0769230769,0.4873873874,0.5745979450
0.7777777778,0.6969696970,0.1428571429,0.3333333333,0,0.4615384615,0.5189189189,0.6109176736
0.7777777778,0.0000000000,0.2857142857,0.5000000000,0,0.6923076923,0.4900900901,0.5110400667
0.7777777778,0.8484848485,0.2142857143,0.3333333333,0,0.0000000000,0.5603603604,0.3418817746
0.7777777778,0.2727272727,0.7142857143,0.3333333333,0,0.1538461538,0.6594594595,0.2690522724
0.7777777778,0.3636363636,0.0714285714,0.5000000000,0,0.0769230769,0.4900900901,0.6910909279
0.7777777778,0.9393939394,0.1428571429,0.1666666667,1,0.3076923077,0.4414414414,0.5066346770
0.7777777778,0.3030303030,0.4285714286,0.3333333333,0,0.0000000000,0.3153153153,0.6600353651
0.7777777778,0.2121212121,0.4285714286,0.3333333333,0,0.1538461538,0.3351351351,0.5235204025
0.7777777778,0.5151515152,0.7142857143,0.5000000000,0,0.3076923077,0.2351351351,0.5667426591
0.7777777778,0.5454545455,0.4285714286,0.3333333333,0,0.4615384615,0.3639639640,0.5047954454
0.7777777778,0.2121212121,0.2142857143,0.3333333333,0,0.0769230769,0.4954954955,0.6590462122
0.7777777778,0.6363636364,0.1428571429,0.5000000000,0,0.0769230769,0.5108108108,0.5184130700
0.7777777778,0.3333333333,0.7142857143,0.3333333333,1,0.8461538462,0.4594594595,0.3765336556
0.7777777778,0.8181818182,0.2142857143,0.3333333333,0,0.0769230769,0.5189189189,0.4454259297
0.7777777778,0.5454545455,0.0714285714,0.6666666667,0,0.0769230769,0.5099099099,0.5399034334
0.7777777778,0.7272727273,0.7142857143,0.5000000000,1,0.4615384615,0.4972972973,0.4218212217
0.8888888889,0.6969696970,0.4285714286,0.3333333333,0,0.0769230769,0.4774774775,0.6300310831
0.8888888889,0.6363636364,0.6428571429,0.5000000000,0,0.1538461538,0.1711711712,0.5291031854
0.8888888889,0.8484848485,0.1428571429,0.3333333333,0,0.0769230769,0.4666666667,0.6673666199
0.8888888889,0.4848484848,0.9285714286,0.5000000000,0,0.3846153846,0.4990990991,0.6207216118
0.8888888889,0.0909090909,0.2142857143,0.5000000000,0,0.0000000000,0.5018018018,0.5809758138
0.8888888889,0.9090909091,0.7857142857,0.3333333333,0,0.0769230769,0.2234234234,0.4623355039
0.8888888889,0.0606060606,0.3571428571,0.3333333333,0,0.0769230769,0.5225225225,0.5414119279
0.8888888889,0.5757575758,0.2142857143,0.3333333333,0,0.1538461538,0.1891891892,0.5259259992
0.8888888889,0.5151515152,0.2142857143,0.5000000000,0,0.4615384615,0.2702702703,0.7163437292
0.8888888889,0.4848484848,0.1428571429,0.3333333333,0,0.6923076923,0.1711711712,0.4438242593
0.8888888889,0.0303030303,0.6428571429,0.5000000000,0,0.0000000000,0.3288288288,0.4957266874
0.8888888889,0.5151515152,0.1428571429,0.3333333333,0,0.0769230769,0.5657657658,0.3281408985
1.0000000000,0.6969696970,0.4285714286,0.3333333333,0,0.6153846154,0.2432432432,0.4796066179
1.0000000000,0.1818181818,0.0714285714,0.1666666667,0,0.0000000000,0.5675675676,0.6527588632
1.0000000000,0.0303030303,0.6428571429,0.3333333333,0,0.1538461538,0.2360360360,0.3328268561
1.0000000000,0.2727272727,0.2142857143,0.3333333333,0,0.1538461538,0.2252252252,0.6414601850
1.0000000000,0.6666666667,0.0714285714,0.5000000000,0,0.7692307692,0.3513513514,0.4766706062
1.0000000000,0.1818181818,0.4285714286,0.3333333333,0,0.0000000000,0.5855855856,0.4094625957
1.0000000000,0.3030303030,0.0000000000,0.8333333333,0,0.6923076923,0.2414414414,0.3380527167
1.0000000000,0.1212121212,0.7857142857,0.5000000000,0,0.0769230769,0.3135135135,0.7206873759
1.0000000000,0.4545454545,0.2857142857,0.5000000000,0,0.6923076923,0.1891891892,0.6813795627
1.0000000000,0.6060606061,0.9285714286,0.5000000000,0,0.9230769231,0.1711711712,0.3655684817
1.0000000000,0.3939393939,0.0714285714,0.3333333333,0,0.4615384615,0.5045045045,0.5762600532
1.0000000000,0.6666666667,0.7142857143,0.5000000000,0,0.7692307692,0.2972972973,0.5540326016
1.0000000000,0.0303030303,0.2857142857,0.5000000000,0,0.1538461538,0.5387387387,0.4251094444
1.0000000000,0.0000000000,0.2142857143,0.3333333333,0,0.3846153846,0.2738738739,0.5293752870
1.0000000000,0.2424242424,0.0714285714,0.8333333333,0,0.7692307692,0.4774774775,0.7444382639
1.0000000000,0.9090909091,0.0714285714,0.3333333333,0,0.7692307692,0.4414414414,0.5513837249
1.0000000000,0.3939393939,0.3571428571,0.5000000000,0,0.4615384615,0.3387387387,0.6032807178
1.0000000000,0.3333333333,0.1428571429,0.0000000000,0,0.0000000000,0.4648648649,0.4873081940
1.0000000000,0.7272727273,0.1428571429,0.5000000000,0,0.6923076923,0.3513513514,0.5302536803
1.0000000000,0.5151515152,0.9285714286,0.3333333333,0,0.4615384615,0.6405405405,0.6043686063
1.0000000000,0.2424242424,0.2857142857,0.5000000000,0,0.6923076923,0.1909909910,0.7381278436
1.0000000000,0.8787878788,0.4285714286,0.5000000000,0,0.5384615385,0.5351351351,0.6148420325
1.0000000000,0.4242424242,0.3571428571,0.5000000000,0,0.6923076923,0.1711711712,0.5701140715
1.0000000000,0.7272727273,0.4285714286,0.5000000000,0,0.0000000000,0.4837837838,0.5253469547
1.0000000000,0.3636363636,0.4285714286,0.3333333333,0,0.4615384615,0.1783783784,0.4224436279
1.0000000000,0.5151515152,0.8571428571,0.5000000000,0,0.0769230769,0.3153153153,0.3564062730
1.0000000000,0.0000000000,0.7857142857,0.3333333333,0,0.0769230769,0.3873873874,0.5557812621
0.0000000000,0.4848484848,0.0714285714,0.1666666667,1,0.0769230769,0.9640883978,0.7973294601
0.0000000000,0.2121212121,0.7142857143,0.1666666667,0,0.0769230769,0.9502762431,0.6747635668
0.0000000000,0.6969696970,0.0000000000,0.3333333333,2,0.2307692308,0.6104972376,0.5039825141
0.0000000000,0.1212121212,0.1428571429,0.1666666667,1,0.1538461538,0.9088397790,0.6065942710
0.0000000000,0.9090909091,0.3571428571,0.5000000000,2,0.9230769231,0.8812154696,0.8668276357
0.0000000000,0.8787878788,0.7142857143,0.3333333333,1,0.0769230769,0.8950276243,0.6026340306
0.0000000000,0.5757575758,0.1428571429,0.1666666667,1,0.0769230769,0.6657458564,0.5983344712
0.0000000000,0.6666666667,0.4285714286,0.3333333333,0,0.3076923077,0.6546961326,0.6100061246
0.0000000000,0.0303030303,0.3571428571,0.3333333333,1,0.0000000000,0.6933701657,0.7075872055
0.1111111111,0.3636363636,0.7142857143,0.5000000000,1,0.4615384615,0.6353591160,0.7422235449
0.1111111111,0.2121212121,0.2857142857,0.5000000000,2,0.1538461538,0.6436464088,0.7723995706
0.1111111111,0.3333333333,0.4285714286,0.3333333333,0,0.1538461538,0.5414364641,0.6234013284
0.1111111111,0.4545454545,0.3571428571,0.3333333333,1,0.4615384615,0.6325966851,0.8885731777
0.1111111111,0.0606060606,0.6428571429,0.5000000000,2,0.5384615385,0.6132596685,0.5238632105
0.1111111111,0.7272727273,0.3571428571,0.3333333333,2,0.0769230769,0.6657458564,0.5797231620
0.1111111111,0.8181818182,0.7142857143,0.3333333333,1,0.0769230769,0.4834254144,0.5108581328
0.1111111111,0.9393939394,0.1428571429,0.0000000000,1,0.0000000000,0.5469613260,0.6465155775
0.2222222222,0.5454545455,0.4285714286,0.1666666667,1,0.0769230769,0.5469613260,0.5040419946
0.2222222222,0.6666666667,0.0000000000,0.1666666667,0,0.0769230769,0.5828729282,0.4943728926
0.2222222222,0.3030303030,0.4285714286,0.5000000000,0,0.3076923077,0.5276243094,0.7344527909
0.2222222222,0.1818181818,0.3571428571,0.3333333333,0,0.1538461538,0.4502762431,0.6466993551
0.2222222222,0.8484848485,0.4285714286,0.3333333333,1,0.0000000000,0.4779005525,0.6481081721
0.2222222222,0.0909090909,0.1428571429,0.5000000000,1,0.1538461538,0.5856353591,0.5482305706
0.2222222222,0.6363636364,0.4285714286,0.3333333333,0,0.4615384615,0.5994475138,0.6474079041
0.3333333333,0.4848484848,0.6428571429,0.5000000000,0,0.0000000000,0.5276243094,0.4944258890
0.3333333333,0.0606060606,0.0714285714,0.3333333333,1,0.3846153846,0.5662983425,0.5725861661
0.3333333333,0.6666666667,0.6428571429,0.3333333333,0,0.3846153846,0.5055248619,0.7068442622
0.3333333333,0.8787878788,0.2857142857,0.6666666667,0,0.4615384615,0.5607734807,0.7630926900
0.3333333333,0.4242424242,0.3571428571,0.5000000000,0,0.5384615385,0.3895027624,0.5592180155
0.3333333333,0.2121212121,0.4285714286,0.5000000000,0,0.1538461538,0.3453038674,0.4962982970
0.3333333333,0.1818181818,0.1428571429,0.3333333333,1,0.0769230769,0.4668508287,0.6130917147
0.3333333333,0.6060606061,0.9285714286,0.5000000000,1,0.3846153846,0.3674033149,0.4347162420
0.3333333333,0.1212121212,0.7142857143,0.1666666667,0,0.0769230769,0.5000000000,0.3342586299
0.3333333333,0.7878787879,0.3571428571,0.5000000000,0,0.0000000000,0.4447513812,0.6722018551
0.3333333333,0.7272727273,0.2857142857,0.1666666667,1,0.1538461538,0.5055248619,0.4823670359
0.4444444444,0.2727272727,0.7857142857,0.3333333333,0,0.3076923077,0.4309392265,0.6774672977
0.4444444444,0.8484848485,0.7857142857,0.1666666667,0,0.5384615385,0.4447513812,0.5638134663
0.4444444444,0.5454545455,0.1428571429,0.1666666667,1,0.3846153846,0.4889502762,0.6537404362
0.4444444444,0.3636363636,0.2142857143,0.1666666667,0,0.0000000000,0.4640883978,0.7370223551
0.4444444444,0.9393939394,0.4285714286,0.6666666667,0,0.4615384615,0.3729281768,0.6969268942
0.4444444444,0.0000000000,0.7142857143,0.5000000000,1,0.4615384615,0.4447513812,0.4000355568
0.4444444444,0.0909090909,0.0714285714,0.3333333333,0,0.0769230769,0.5000000000,0.6114051243
0.4444444444,0.6969696970,0.1428571429,0.1666666667,0,0.4615384615,0.4613259669,0.7661793236
0.4444444444,0.3939393939,0.0000000000,0.3333333333,0,0.6923076923,0.5000000000,0.4063044651
0.4444444444,0.2424242424,0.7142857143,0.5000000000,1,0.0769230769,0.3176795580,0.4589972287
0.5555555556,0.4848484848,0.7857142857,0.3333333333,0,0.4615384615,0.4005524862,0.6558885374
0.5555555556,0.7878787879,0.9285714286,0.5000000000,1,0.1538461538,0.4060773481,0.3094216787
0.5555555556,0.8181818182,0.7142857143,0.3333333333,0,0.6923076923,0.3618784530,0.5210720791
0.5555555556,0.5757575758,0.2142857143,0.5000000000,0,0.3076923077,0.3756906077,0.6620118840
0.5555555556,0.0303030303,0.0714285714,0.3333333333,0,0.0000000000,0.4337016575,0.5984507991
0.5555555556,0.1212121212,0.3571428571,0.1666666667,1,0.1538461538,0.3729281768,0.6253088056
0.5555555556,0.6060606061,0.2857142857,0.3333333333,0,0.1538461538,0.3646408840,0.5613629438
0.5555555556,0.4242424242,0.8571428571,0.5000000000,1,0.0769230769,0.4171270718,0.3584989115
0.5555555556,0.7575757576,0.3571428571,0.5000000000,0,0.4615384615,0.3784530387,0.5760626455
0.5555555556,0.7272727273,0.4285714286,0.3333333333,0,0.1538461538,0.3674033149,0.5098351863
0.5555555556,0.9090909091,0.6428571429,0.5000000000,1,0.0769230769,0.4723756906,0.5748925018
0.5555555556,0.3333333333,0.2857142857,0.3333333333,0,0.0000000000,0.3508287293,0.3650177758
0.5555555556,0.8484848485,0.0714285714,0.3333333333,0,0.1538461538,0.4558011050,0.8277561712
0.5555555556,0.5454545455,0.2857142857,0.6666666667,0,0.8461538462,0.3232044199,0.5608851578
0.5555555556,0.1515151515,0.4285714286,0.5000000000,0,0.8461538462,0.3397790055,0.6185034976
0.5555555556,0.5151515152,0.0714285714,0.5000000000,0,0.3076923077,0.3232044199,0.5643486689
0.5555555556,0.0000000000,0.1428571429,0.1666666667,0,0.0769230769,0.5276243094,0.7734628461
0.5555555556,0.8484848485,0.1428571429,0.6666666667,1,0.7692307692,0.3259668508,0.5444939876
0.5555555556,0.6363636364,0.9285714286,0.5000000000,0,0.4615384615,0.3397790055,0.3355698715
0.5555555556,0.0303030303,0.2142857143,0.3333333333,1,0.6153846154,0.3839779006,0.8614770942
0.5555555556,0.4545454545,0.1428571429,0.5000000000,0,0.9230769231,0.4171270718,0.6028362172
0.5555555556,0.5454545455,0.7857142857,0.3333333333,0,0.0000000000,0.3342541436,0.5345996680
0.5555555556,0.7272727273,0.7857142857,0.3333333333,0,0.3846153846,0.3011049724,0.6055455274
0.5555555556,0.7575757576,0.9285714286,0.5000000000,0,0.1538461538,0.3895027624,0.4659472032
0.6666666667,0.7878787879,0.4285714286,0.3333333333,1,0.1538461538,0.3895027624,0.4916923016
0.6666666667,0.8787878788,0.2142857143,0.3333333333,1,0.1538461538,0.4060773481,0.4964405038
0.6666666667,0.7575757576,0.1428571429,0.5000000000,0,0.0769230769,0.3784530387,0.6860573157
0.6666666667,0.9090909091,0.2857142857,0.5000000000,0,0.8461538462,0.3618784530,0.4547796889
0.6666666667,0.2424242424,0.0714285714,0.3333333333,0,0.0000000000,0.3535911602,0.4985961838
0.6666666667,0.1212121212,0.4285714286,0.5000000000,0,0.1538461538,0.3784530387,0.4778743973
0.6666666667,0.5151515152,0.8571428571,0.3333333333,1,0.1538461538,0.3591160221,0.5645208378
0.6666666667,0.3636363636,0.2857142857,0.3333333333,0,0.4615384615,0.3895027624,0.4518111518
0.6666666667,0.6060606061,0.2142857143,0.3333333333,0,0.1538461538,0.4613259669,0.8017027920
0.6666666667,0.2727272727,0.1428571429,0.5000000000,0,0.0000000000,0.3839779006,0.5842155171
0.6666666667,0.9090909091,0.4285714286,0.8333333333,0,0.0000000000,0.4005524862,0.7073060989
0.6666666667,0.3333333333,0.2142857143,0.1666666667,0,0.0000000000,0.3839779006,0.4387635503
0.6666666667,0.4545454545,0.1428571429,0.3333333333,0,0.1538461538,0.3618784530,0.6745161480
0.6666666667,0.0606060606,0.3571428571,0.3333333333,1,0.4615384615,0.2790055249,0.5342395880
0.6666666667,0.8484848485,0.0000000000,0.5000000000,0,0.1538461538,0.3867403315,0.6934065794
0.6666666667,0.5454545455,0.3571428571,0.3333333333,0,0.0000000000,0.3563535912,0.7293376409
0.6666666667,0.3636363636,0.4285714286,0.3333333333,0,0.3846153846,0.3508287293,0.5055306398
0.6666666667,0.2424242424,0.1428571429,0.6666666667,0,0.0769230769,0.3729281768,0.4844619543
0.6666666667,0.6666666667,0.4285714286,0.5000000000,0,0.7692307692,0.3812154696,0.6045234292
0.6666666667,0.0909090909,0.4285714286,0.3333333333,0,0.1538461538,0.3204419890,0.4916375858
0.6666666667,0.7575757576,0.4285714286,0.3333333333,0,0.1538461538,0.3756906077,0.6277531307
0.6666666667,0.3939393939,0.2142857143,0.3333333333,0,0.4615384615,0.3011049724,0.4805866611
0.6666666667,0.3333333333,0.4285714286,0.3333333333,0,0.4615384615,0.3812154696,0.5617477044
0.6666666667,0.2424242424,0.3571428571,0.3333333333,0,0.1538461538,0.3232044199,0.8700831923
0.6666666667,0.4242424242,0.4285714286,0.5000000000,0,0.3846153846,0.2458563536,0.4422603043
0.6666666667,0.4848484848,0.0000000000,0.6666666667,0,0.1538461538,0.3397790055,0.2727489376
0.6666666667,0.4242424242,0.0714285714,0.6666666667,0,0.7692307692,0.3618784530,0.6924439148
0.6666666667,0.2727272727,0.9285714286,0.5000000000,0,0.6923076923,0.3784530387,0.2994393055
0.6666666667,0.7272727273,0.2142857143,0.3333333333,0,0.6153846154,0.3397790055,0.6073007135
0.6666666667,0.8787878788,0.3571428571,0.3333333333,0,0.5384615385,0.3535911602,0.7674805036
0.6666666667,0.3939393939,0.7142857143,0.3333333333,0,0.0000000000,0.3618784530,0.2947270296
0.7777777778,0.7878787879,0.1428571429,0.5000000000,0,0.2307692308,0.3176795580,0.5321653030
0.7777777778,0.5757575758,0.9285714286,0.5000000000,0,0.9230769231,0.3453038674,0.3885300188
0.7777777778,0.0303030303,0.9285714286,0.3333333333,0,0.0000000000,0.4171270718,0.3962864078
0.7777777778,0.0606060606,0.1428571429,0.5000000000,0,0.1538461538,0.3453038674,0.6379775790
0.7777777778,0.8787878788,0.4285714286,0.3333333333,0,0.4615384615,0.3066298343,0.4543336183
0.7777777778,0.3636363636,0.3571428571,0.3333333333,1,0.0769230769,0.3480662983,0.6730583133
0.7777777778,0.6060606061,0.4285714286,0.5000000000,0,0.3846153846,0.3453038674,0.4587995767
0.7777777778,0.1212121212,0.6428571429,0.5000000000,0,0.3076923077,0.3895027624,0.3491736523
0.7777777778,0.8181818182,0.7857142857,0.6666666667,0,0.0769230769,0.2983425414,0.5610675878
0.7777777778,0.6363636364,0.3571428571,0.5000000000,0,0.0769230769,0.3784530387,0.6581904856
0.7777777778,0.4242424242,0.2857142857,0.3333333333,0,0.6923076923,0.3922651934,0.5189945264
0.7777777778,0.6969696970,0.0714285714,0.3333333333,0,0.0769230769,0.3674033149,0.7544281799
0.7777777778,0.5151515152,0.0000000000,0.5000000000,0,0.0769230769,0.4834254144,0.2264618310
0.7777777778,0.3030303030,0.2857142857,0.5000000000,0,0.6153846154,0.3232044199,0.4145167595
0.7777777778,0.0000000000,0.3571428571,0.5000000000,0,0.9230769231,0.3287292818,0.5430927767
0.7777777778,0.8181818182,0.3571428571,0.5000000000,0,0.6923076923,0.3176795580,0.7455286677
0.7777777778,0.4545454545,0.9285714286,0.5000000000,0,0.0769230769,0.3591160221,0.5499788331
0.7777777778,0.6060606061,0.0714285714,0.5000000000,0,0.0000000000,0.3011049724,0.5360293527
0.7777777778,0.7272727273,0.6428571429,0.5000000000,0,0.4615384615,0.3453038674,0.5461964619
0.7777777778,0.5454545455,0.1428571429,0.5000000000,0,0.4615384615,0.3674033149,0.4331234740
0.8888888889,0.3939393939,0.9285714286,0.5000000000,0,0.0769230769,0.2790055249,0.3098922424
0.8888888889,0.4848484848,0.2142857143,0.5000000000,0,0.0769230769,0.3397790055,0.4899308974
0.8888888889,0.0303030303,0.4285714286,0.5000000000,0,0.1538461538,0.3895027624,0.5674580543
0.8888888889,0.3333333333,0.0000000000,0.5000000000,0,0.3846153846,0.3259668508,0.1686225051
0.8888888889,0.0303030303,0.4285714286,0.5000000000,0,0.6923076923,0.3480662983,0.4945897202
0.8888888889,0.5757575758,0.1428571429,0.3333333333,0,0.3846153846,0.3232044199,0.5839904107
0.8888888889,0.6060606061,0.4285714286,0.3333333333,0,0.5384615385,0.3397790055,0.6838855664
0.8888888889,0.8181818182,0.1428571429,0.3333333333,0,0.6153846154,0.3176795580,0.5279158604
0.8888888889,0.4545454545,0.3571428571,0.3333333333,0,0.0000000000,0.3425414365,0.5620207970
0.8888888889,0.1515151515,0.6428571429,0.3333333333,1,0.0769230769,0.3453038674,0.2988782547
0.8888888889,0.7272727273,0.0000000000,0.5000000000,0,0.9230769231,0.3011049724,0.2429142731
0.8888888889,0.2727272727,0.4285714286,0.6666666667,0,0.7692307692,0.3480662983,0.4905504454
0.8888888889,0.5454545455,0.4285714286,0.8333333333,0,0.3076923077,0.2928176796,0.5462095992
0.8888888889,0.3939393939,0.0714285714,0.6666666667,0,0.7692307692,0.3480662983,0.6815668261
0.8888888889,0.0909090909,0.2142857143,0.5000000000,0,0.0000000000,0.3287292818,0.6467772502
0.8888888889,0.6363636364,0.9285714286,0.6666666667,0,0.3846153846,0.2983425414,0.4584804897
0.8888888889,0.2727272727,0.0000000000,0.5000000000,0,0.1538461538,0.3453038674,0.3690182950
1.0000000000,0.4848484848,0.4285714286,0.3333333333,0,0.0769230769,0.3370165746,0.4770665927
1.0000000000,0.7272727273,0.1428571429,0.5000000000,0,0.1538461538,0.3011049724,0.6711271781
1.0000000000,0.5454545455,0.1428571429,0.5000000000,0,0.7692307692,0.3618784530,0.7605810962
1.0000000000,0.1212121212,0.9285714286,0.3333333333,0,0.1538461538,0.4171270718,0.3866412809
1.0000000000,0.3030303030,0.1428571429,0.5000000000,0,0.3076923077,0.3176795580,0.6457030115
1.0000000000,0.3333333333,0.7142857143,0.3333333333,1,0.3846153846,0.3453038674,0.5530868720
1.0000000000,0.9090909091,0.4285714286,0.3333333333,0,0.6923076923,0.3618784530,0.4163820989
1.0000000000,0.0606060606,0.4285714286,0.5000000000,0,0.3076923077,0.3287292818,0.3432953901
1.0000000000,0.2121212121,0.0714285714,0.6666666667,0,0.0769230769,0.3011049724,0.3661277193
1.0000000000,0.5151515152,0.4285714286,0.3333333333,0,0.6153846154,0.3176795580,0.4782445181
1.0000000000,0.0606060606,0.4285714286,0.3333333333,0,0.0000000000,0.3674033149,0.5363801932
1.0000000000,0.8787878788,0.3571428571,0.5000000000,0,0.6923076923,0.2928176796,0.6269101359
0.0000000000,0.5757575758,0.0000000000,0.1666666667,2,0.1538461538,0.7430939227,0.2999928059
0.0000000000,0.3636363636,0.0000000000,0.1666666667,2,0.0000000000,0.6243093923,0.6737698966
0.0000000000,0.9090909091,0.1428571429,0.1666666667,1,0.0769230769,0.8618784530,0.6444042825
0.0000000000,0.2727272727,0.0714285714,0.1666666667,1,0.0000000000,0.9723756906,0.5527343905
0.0000000000,0.3333333333,0.1428571429,0.5000000000,0,0.3076923077,0.8121546961,0.6992328298
0.0000000000,0.8787878788,0.3571428571,0.5000000000,1,0.1538461538,0.7265193370,0.9490359124
0.1111111111,0.0303030303,0.4285714286,0.5000000000,0,0.4615384615,0.6491712707,0.5460283839
0.1111111111,0.6666666667,0.2857142857,0.3333333333,1,0.0000000000,0.6685082873,0.5044571752
0.1111111111,0.9393939394,0.7142857143,0.1666666667,1,0.0000000000,0.6298342541,0.5205520386
0.1111111111,0.3030303030,0.2142857143,0.3333333333,1,0.4615384615,0.6160220994,0.6794559541
0.1111111111,0.4848484848,0.4285714286,0.5000000000,0,0.1538461538,0.5635359116,0.7643457398
0.1111111111,0.7575757576,0.2857142857,0.1666666667,0,0.0000000000,0.6906077348,0.6608824334
0.1111111111,0.1515151515,0.4285714286,0.3333333333,1,0.0000000000,0.5276243094,0.5935566558
0.1111111111,0.6666666667,0.8571428571,0.5000000000,0,0.1538461538,0.5055248619,0.6445667420
0.2222222222,0.8484848485,0.7142857143,0.1666666667,0,0.0769230769,0.6215469613,0.5251791013
0.2222222222,0.0909090909,0.3571428571,0.1666666667,1,0.0000000000,0.4640883978,0.6214600706
0.2222222222,0.0606060606,0.4285714286,0.3333333333,0,0.2307692308,0.4447513812,1.0000000000
0.2222222222,0.4242424242,0.6428571429,0.5000000000,1,0.1538461538,0.4447513812,0.4912197481
0.2222222222,0.0000000000,0.1428571429,0.3333333333,0,0.1538461538,0.5138121547,0.5970046722
0.2222222222,0.5454545455,0.5714285714,0.5000000000,0,0.0000000000,0.4530386740,0.6138547833
0.2222222222,0.9393939394,0.3571428571,0.5000000000,0,0.1538461538,0.4889502762,0.7859791626
0.2222222222,0.3939393939,0.2857142857,0.1666666667,1,0.3076923077,0.6132596685,0.5348654838
0.3333333333,0.6060606061,0.5714285714,0.1666666667,1,0.0769230769,0.6408839779,0.6108922255
0.3333333333,0.5757575758,0.7142857143,0.3333333333,1,0.4615384615,0.4475138122,0.6404533655
0.3333333333,0.6969696970,0.2142857143,0.1666666667,0,0.0769230769,0.4668508287,0.6120276052
0.3333333333,0.2727272727,0.1428571429,0.5000000000,0,0.4615384615,0.4917127072,0.5944714987
0.3333333333,0.7878787879,0.0714285714,0.3333333333,1,0.0769230769,0.4889502762,0.7575359844
0.3333333333,0.3636363636,0.1428571429,0.3333333333,0,0.3076923077,0.4944751381,0.5871857279
0.3333333333,0.8787878788,0.4285714286,0.3333333333,0,0.0769230769,0.6049723757,0.6180014769
0.3333333333,0.4848484848,0.3571428571,0.3333333333,1,0.0769230769,0.4917127072,0.7418224579
0.3333333333,0.1818181818,0.4285714286,0.3333333333,0,0.0000000000,0.4530386740,0.7434730021
0.4444444444,0.1515151515,0.6428571429,0.5000000000,1,0.0769230769,0.4419889503,0.6571800342
0.4444444444,0.1212121212,0.4285714286,0.1666666667,0,0.1538461538,0.5110497238,0.7170987032
0.4444444444,0.6666666667,0.0714285714,0.3333333333,0,0.0000000000,0.4640883978,0.5323874404
0.4444444444,0.8181818182,0.2857142857,0.3333333333,0,0.3076923077,0.5220994475,0.5944116442
0.4444444444,0.5151515152,0.7142857143,0.3333333333,0,0.0000000000,0.5110497238,0.7554777391
0.4444444444,0.4242424242,0.2142857143,0.3333333333,0,0.4615384615,0.4668508287,0.8412335419
0.4444444444,0.7272727273,0.7857142857,0.1666666667,0,0.4615384615,0.4392265193,0.5886859567
0.4444444444,0.4545454545,0.4285714286,0.3333333333,0,0.0769230769,0.4419889503,0.4560145881
0.4444444444,0.2121212121,0.7142857143,0.5000000000,1,0.4615384615,0.4392265193,0.3092083642
0.4444444444,0.6363636364,0.7142857143,0.5000000000,0,0.3846153846,0.3977900552,0.4330612328
0.4444444444,0.5757575758,0.8571428571,0.3333333333,1,1.0000000000,0.4226519337,0.6612818697
0.4444444444,0.5454545455,0.4285714286,0.5000000000,0,0.9230769231,0.4751381215,0.5268885090
0.4444444444,0.2424242424,0.0714285714,0.3333333333,0,0.4615384615,0.4419889503,0.8294269203
0.4444444444,0.3939393939,0.5714285714,0.3333333333,0,0.0000000000,0.3342541436,0.4490047394
0.5555555556,0.0000000000,0.4285714286,0.3333333333,0,0.8461538462,0.4613259669,0.5673097395
0.5555555556,0.3636363636,0.6428571429,0.1666666667,0,0.0000000000,0.3563535912,0.3936576858
0.5555555556,0.9090909091,0.7857142857,0.5000000000,0,0.1538461538,0.4143646409,0.5942915569
0.5555555556,0.2424242424,0.1428571429,0.3333333333,1,0.3076923077,0.4447513812,0.5607994441
0.5555555556,0.6060606061,0.0714285714,0.5000000000,0,0.0000000000,0.5000000000,0.8968028714
0.5555555556,0.1515151515,0.1428571429,0.3333333333,0,0.0769230769,0.4447513812,0.9017535350
0.5555555556,0.9393939394,0.4285714286,0.3333333333,0,0.1538461538,0.4779005525,0.6522408943
0.5555555556,0.7575757576,0.3571428571,0.1666666667,0,0.1538461538,0.5801104972,0.7426024886
0.5555555556,0.4242424242,0.4285714286,0.0000000000,0,0.0000000000,0.4088397790,0.6331051539
0.5555555556,0.1212121212,0.6428571429,0.3333333333,0,0.1538461538,0.3784530387,0.3936016081
0.5555555556,0.2727272727,0.3571428571,0.3333333333,0,0.1538461538,0.4502762431,0.4994008352
0.5555555556,0.3030303030,0.4285714286,0.5000000000,0,0.6153846154,0.4033149171,0.7319310789
0.5555555556,0.1818181818,0.3571428571,0.5000000000,0,0.3076923077,0.3950276243,0.7651065601
0.5555555556,0.4545454545,0.1428571429,0.3333333333,0,0.0769230769,0.4392265193,0.8297280453
0.5555555556,0.2121212121,0.0000000000,0.5000000000,0,0.0000000000,0.3397790055,0.2944458533
0.5555555556,0.7272727273,0.2857142857,0.5000000000,0,0.4615384615,0.5276243094,0.6230377288
0.5555555556,0.0606060606,0.7142857143,0.5000000000,0,0.0769230769,0.3867403315,0.5072980975
0.5555555556,0.0000000000,0.0714285714,0.6666666667,0,0.0000000000,0.4254143646,0.6627792800
0.5555555556,0.5454545455,0.1428571429,0.3333333333,0,0.0000000000,0.3895027624,0.7195715185
0.5555555556,0.7878787879,0.2142857143,0.3333333333,0,0.0769230769,0.3563535912,0.5142497195
0.5555555556,0.6666666667,0.2857142857,0.5000000000,0,0.0000000000,0.3950276243,0.6498670217
0.5555555556,0.3939393939,0.0714285714,0.5000000000,0,0.3076923077,0.3535911602,0.6852117422
0.5555555556,0.1515151515,0.4285714286,0.3333333333,0,0.0000000000,0.4033149171,0.5337550856
0.5555555556,0.5151515152,0.3571428571,0.3333333333,0,0.3076923077,0.5027624309,0.3524368859
0.6666666667,0.3636363636,0.2857142857,0.3333333333,0,0.0769230769,0.3176795580,0.5854086405
0.6666666667,0.3939393939,0.0714285714,0.3333333333,1,0.0769230769,0.4254143646,0.7240169700
0.6666666667,0.0909090909,0.6428571429,0.5000000000,1,0.3076923077,0.3729281768,0.3743727889
0.6666666667,0.2727272727,0.0000000000,0.6666666667,0,0.3076923077,0.3839779006,0.6157805802
0.6666666667,0.7878787879,0.1428571429,0.3333333333,1,0.1538461538,0.3563535912,0.4244047508
0.6666666667,0.3333333333,0.2142857143,0.5000000000,0,0.4615384615,0.3895027624,0.5382199057
0.6666666667,0.8787878788,0.1428571429,0.5000000000,0,0.2307692308,0.3425414365,0.4884849647
0.6666666667,0.3636363636,1.0000000000,0.8333333333,0,0.0769230769,0.2900552486,0.5553338340
0.6666666667,0.0000000000,0.5714285714,0.5000000000,0,0.2307692308,0.2983425414,0.6149514172
0.6666666667,0.0303030303,0.7142857143,0.5000000000,0,0.1538461538,0.5441988950,0.6340637669
0.6666666667,0.4242424242,0.2857142857,0.5000000000,0,0.0769230769,0.4392265193,0.4620130227
0.6666666667,0.8181818182,0.6428571429,0.5000000000,0,0.0000000000,0.3480662983,0.3992289374
0.6666666667,0.7575757576,0.7857142857,0.6666666667,0,0.3076923077,0.3618784530,0.5896150491
0.6666666667,0.1515151515,0.3571428571,0.5000000000,0,0.0769230769,0.4060773481,0.4983291271
0.6666666667,0.2121212121,0.7142857143,0.5000000000,0,0.4615384615,0.3674033149,0.4524694030
0.6666666667,0.5151515152,0.4285714286,0.5000000000,0,0.0000000000,0.4198895028,0.7234799117
0.6666666667,0.4545454545,0.4285714286,0.3333333333,0,0.4615384615,0.3977900552,0.4699768515
0.6666666667,0.7272727273,0.0714285714,0.3333333333,0,0.0769230769,0.3922651934,0.5139495617
0.6666666667,0.6666666667,0.1428571429,0.6666666667,0,0.0000000000,0.3950276243,0.6148904419
0.6666666667,0.5757575758,0.3571428571,0.1666666667,1,0.0769230769,0.4198895028,0.6734635937
0.6666666667,0.7272727273,0.2142857143,0.6666666667,0,0.0000000000,0.3867403315,0.6095792764
0.6666666667,0.7575757576,0.2142857143,0.3333333333,0,0.0769230769,0.3950276243,0.5623120284
0.6666666667,0.0606060606,0.3571428571,0.3333333333,0,0.4615384615,0.3149171271,0.6990033316
0.6666666667,0.5454545455,0.3571428571,0.5000000000,0,0.4615384615,0.3674033149,0.6641728760
0.6666666667,0.2424242424,0.6428571429,0.5000000000,0,0.3846153846,0.2983425414,0.5994995372
0.6666666667,0.2424242424,0.6428571429,0.5000000000,0,0.3076923077,0.4116022099,0.6191413924
0.7777777778,0.8787878788,0.2857142857,0.3333333333,1,0.1538461538,0.4972375691,0.6697460903
0.7777777778,0.6969696970,0.1428571429,0.3333333333,0,0.1538461538,0.4254143646,0.5484026937
0.7777777778,0.9090909091,0.3571428571,0.5000000000,0,0.3076923077,0.3453038674,0.6988568965
0.7777777778,0.7878787879,0.3571428571,0.3333333333,0,0.0769230769,0.3563535912,0.5772480472
0.7777777778,0.3333333333,0.5714285714,0.3333333333,0,0.4615384615,0.4005524862,0.6713643817
0.7777777778,0.0303030303,0.7857142857,0.5000000000,0,0.6923076923,0.3453038674,0.7002252668
0.7777777778,0.8181818182,0.4285714286,0.3333333333,0,0.2307692308,0.3950276243,0.7293248448
0.7777777778,0.0303030303,0.1428571429,0.1666666667,1,0.4615384615,0.4116022099,0.4740149869
0.7777777778,0.5454545455,0.0000000000,0.3333333333,0,0.0000000000,0.3701657459,0.6892917145
0.7777777778,0.8181818182,0.2142857143,0.3333333333,1,0.3846153846,0.4447513812,0.7032431542
0.7777777778,0.2727272727,0.6428571429,0.5000000000,0,0.0769230769,0.4751381215,0.5971610543
0.7777777778,0.3030303030,0.3571428571,0.6666666667,0,0.6923076923,0.4060773481,0.7018370206
0.7777777778,0.9393939394,0.2857142857,0.3333333333,0,0.3846153846,0.4116022099,0.6762846088
0.7777777778,0.1212121212,0.2142857143,0.3333333333,0,0.1538461538,0.3977900552,0.5495253058
0.7777777778,0.8181818182,0.1428571429,0.5000000000,0,0.4615384615,0.3480662983,0.4506255767
0.7777777778,0.4545454545,0.7857142857,0.1666666667,0,0.4615384615,0.3232044199,0.6764839671
0.7777777778,0.5757575758,0.1428571429,0.5000000000,0,0.4615384615,0.3729281768,0.7207037177
0.7777777778,0.0606060606,0.0714285714,0.5000000000,0,0.4615384615,0.2983425414,0.6656401988
0.7777777778,0.6363636364,0.4285714286,0.1666666667,0,0.2307692308,0.3701657459,0.3713959619
0.7777777778,0.4242424242,1.0000000000,0.5000000000,0,0.4615384615,0.2320441989,0.5987202642
0.7777777778,0.2424242424,0.4285714286,0.3333333333,0,0.6923076923,0.2458563536,0.6118794027
0.7777777778,0.7272727273,0.7857142857,0.3333333333,0,0.6923076923,0.3397790055,0.5671383284
0.7777777778,0.4848484848,0.1428571429,0.5000000000,0,0.4615384615,0.2320441989,0.5671350454
0.7777777778,0.7272727273,0.6428571429,0.5000000000,0,0.9230769231,0.2872928177,0.3254926313
0.8888888889,0.9090909091,0.3571428571,0.1666666667,0,0.1538461538,0.3729281768,0.6393396363
0.8888888889,0.7878787879,0.5714285714,0.3333333333,0,0.1538461538,0.3370165746,0.3920670418
0.8888888889,0.5757575758,0.1428571429,0.5000000000,0,0.0000000000,0.2790055249,0.4140754841
0.8888888889,0.0303030303,0.7142857143,0.5000000000,0,0.3076923077,0.3784530387,0.4567981275
0.8888888889,0.6060606061,0.1428571429,0.5000000000,0,0.2307692308,0.2237569061,0.6884650277
0.8888888889,0.6666666667,0.4285714286,0.3333333333,0,0.1538461538,0.4475138122,0.5109140273
0.8888888889,0.3030303030,0.2857142857,0.1666666667,0,0.0769230769,0.3895027624,0.5956989346
0.8888888889,0.1212121212,0.7857142857,0.5000000000,0,0.1538461538,0.3563535912,0.4389584743
0.8888888889,0.4545454545,0.2857142857,0.5000000000,0,0.9230769231,0.3674033149,0.4504088102
0.8888888889,0.4242424242,0.4285714286,0.3333333333,0,0.3076923077,0.3370165746,0.4753326320
0.8888888889,0.7272727273,0.1428571429,0.3333333333,0,0.1538461538,0.3895027624,0.7211796676
0.8888888889,0.0000000000,0.3571428571,0.5000000000,0,0.0769230769,0.3370165746,0.5186324511
0.8888888889,0.3636363636,0.8571428571,0.5000000000,0,0.1538461538,0.3508287293,0.3778011773
0.8888888889,0.2424242424,0.0714285714,0.6666666667,0,0.0000000000,0.3591160221,0.6721645551
0.8888888889,0.4545454545,0.0714285714,0.3333333333,0,0.1538461538,0.3839779006,0.6963367513
0.8888888889,0.1515151515,0.2857142857,0.3333333333,0,0.8461538462,0.3480662983,0.6873178201
1.0000000000,0.6666666667,0.3571428571,0.5000000000,0,0.0000000000,0.3425414365,0.4747649312
1.0000000000,0.2727272727,0.2857142857,0.8333333333,0,0.6923076923,0.2596685083,0.5687524361
1.0000000000,0.2121212121,0.3571428571,0.5000000000,0,0.3076923077,0.2928176796,0.6157191382
1.0000000000,0.2121212121,0.0714285714,0.6666666667,0,0.2307692308,0.3093922652,0.5242512344
1.0000000000,0.0303030303,0.7142857143,0.5000000000,0,0.0769230769,0.3425414365,0.3526746945
1.0000000000,0.9393939394,0.2142857143,0.6666666667,0,0.0769230769,0.2955801105,0.2775428069
1.0000000000,0.5757575758,1.0000000000,0.6666666667,0,0.3846153846,0.2182320442,0.5012970515
1.0000000000,0.0303030303,0.3571428571,0.5000000000,0,0.7692307692,0.2707182320,0.6697659942
1.0000000000,0.1515151515,0.1428571429,0.5000000000,0,0.9230769231,0.2458563536,0.6039609412
1.0000000000,0.4848484848,0.2142857143,0.5000000000,0,0.0769230769,0.2320441989,0.3589127914
1.0000000000,0.5151515152,0.1428571429,0.5000000000,0,0.3076923077,0.3508287293,0.5287893385
1.0000000000,0.0606060606,0.7142857143,0.6666666667,0,0.1538461538,0.3011049724,0.6614840324
1.0000000000,0.3636363636,0.1428571429,0.3333333333,0,0.6923076923,0.3922651934,0.6855685185
1.0000000000,0.3939393939,0.3571428571,-3.3333333333,0,0.0769230769,0.0248618785,0.3784789060
0.0000000000,0.9696969697,0.0000000000,0.1666666667,1,0.0000000000,0.6906077348,0.2777593455
0.0000000000,0.1818181818,0.0000000000,0.5000000000,2,0.6923076923,0.6961325967,0.5738298293
0.0000000000,0.3030303030,0.0714285714,0.1666666667,1,0.4615384615,0.7486187845,0.7182435535
0.0000000000,0.6969696970,0.4285714286,0.1666666667,1,0.1538461538,0.7790055249,0.8165490563
0.0000000000,0.3636363636,0.7142857143,0.3333333333,1,0.4615384615,0.6602209945,0.5489970813
0.1111111111,0.9393939394,0.2857142857,0.3333333333,0,0.1538461538,0.6243093923,0.7415805964
0.1111111111,0.4242424242,0.7142857143,0.5000000000,1,0.4615384615,0.5276243094,0.4258889932
0.1111111111,0.8787878788,0.5714285714,0.1666666667,1,0.0769230769,0.5165745856,0.6746299093
0.1111111111,0.0000000000,0.8571428571,0.5000000000,1,0.0769230769,0.5138121547,0.5662883075
0.1111111111,0.1212121212,0.0714285714,0.3333333333,0,0.1538461538,0.6049723757,0.7416014075
0.1111111111,0.2727272727,0.3571428571,0.1666666667,1,0.4615384615,0.6243093923,0.7853959203
0.2222222222,0.4848484848,0.1428571429,0.3333333333,0,0.5384615385,0.6215469613,0.5222307842
0.2222222222,0.7878787879,0.1428571429,0.5000000000,0,0.3076923077,0.5828729282,0.7545882713
0.2222222222,0.6363636364,0.0000000000,0.3333333333,0,0.2307692308,0.5966850829,0.6173572168
0.2222222222,0.5454545455,0.2857142857,0.0000000000,0,0.0000000000,0.5441988950,0.5713282872
0.2222222222,0.7575757576,0.6428571429,0.3333333333,0,0.0000000000,0.5193370166,0.4712626558
0.2222222222,0.0909090909,0.2857142857,0.3333333333,0,0.8461538462,0.5994475138,0.5150097275
0.2222222222,0.2424242424,0.6428571429,0.3333333333,1,0.0769230769,0.5110497238,0.6418424835
0.2222222222,0.6666666667,0.0714285714,0.3333333333,0,0.3076923077,0.5690607735,0.7414755894
0.3333333333,0.1515151515,0.2857142857,0.3333333333,0,0.0769230769,0.6049723757,0.5033054908
0.3333333333,0.8181818182,0.4285714286,0.5000000000,0,0.3076923077,0.4392265193,0.5072792316
0.3333333333,0.5757575758,0.0714285714,0.3333333333,0,0.6923076923,0.5469613260,0.6751917528
0.3333333333,0.6060606061,0.1428571429,0.5000000000,0,0.3076923077,0.5248618785,0.6248687013
0.3333333333,0.3636363636,0.2857142857,0.3333333333,0,0.4615384615,0.5414364641,0.3590983386
0.3333333333,0.9090909091,0.0714285714,0.3333333333,0,0.4615384615,0.4585635359,0.4789404400
0.3333333333,0.3636363636,0.2142857143,0.3333333333,0,0.0769230769,0.5911602210,0.7917874815
0.3333333333,0.4242424242,0.2857142857,0.1666666667,0,0.0769230769,0.6436464088,0.4346168032
0.3333333333,0.9393939394,0.1428571429,0.5000000000,1,0.4615384615,0.4972375691,0.6515279143
0.3333333333,0.5454545455,0.7142857143,0.3333333333,0,0.4615384615,0.4972375691,0.6957513109
0.4444444444,0.2424242424,0.2857142857,0.5000000000,0,0.0769230769,0.6022099448,0.4889239024
0.4444444444,0.4848484848,0.6428571429,0.5000000000,0,0.5384615385,0.4723756906,0.3861996621
0.4444444444,0.2727272727,0.0000000000,0.1666666667,0,0.4615384615,0.4364640884,0.3880192744
0.4444444444,0.5151515152,0.1428571429,0.1666666667,0,0.1538461538,0.5220994475,0.4533730253
0.4444444444,0.3333333333,0.6428571429,0.6666666667,1,0.3076923077,0.6022099448,0.5157490269
0.4444444444,0.4545454545,0.4285714286,0.3333333333,0,0.4615384615,0.4337016575,0.7224645244
0.4444444444,0.3939393939,0.4285714286,0.3333333333,0,0.0769230769,0.4309392265,0.4784843329
0.5555555556,0.6666666667,0.0714285714,0.5000000000,0,0.4615384615,0.4530386740,0.5765536430
0.5555555556,0.0606060606,0.2857142857,0.1666666667,1,0.4615384615,0.4392265193,0.6339754233
0.5555555556,0.6969696970,0.0714285714,0.1666666667,1,0.4615384615,0.3812154696,0.6170844893
0.5555555556,0.7272727273,0.0714285714,0.8333333333,0,0.5384615385,0.4254143646,0.6539190925
0.5555555556,0.6060606061,0.5714285714,0.3333333333,0,0.3846153846,0.4171270718,0.4269394072
0.5555555556,0.3333333333,0.2857142857,0.3333333333,0,0.0769230769,0.5718232044,0.6417982305
0.5555555556,0.8181818182,0.2142857143,0.3333333333,0,0.0769230769,0.4171270718,0.5847146996
0.5555555556,0.9090909091,0.0714285714,0.6666666667,0,0.4615384615,0.4668508287,0.6423576459
0.5555555556,0.0909090909,0.4285714286,0.1666666667,0,0.3076923077,0.3701657459,0.5713306685
0.5555555556,0.3939393939,0.6428571429,0.5000000000,1,0.1538461538,0.4143646409,0.6094163666
0.5555555556,0.1818181818,0.6428571429,0.3333333333,0,0.0000000000,0.3950276243,0.4799206861
0.5555555556,0.1212121212,0.2857142857,0.1666666667,0,0.4615384615,0.4392265193,0.3437178628
0.5555555556,0.8787878788,0.7857142857,0.1666666667,0,0.0000000000,0.4806629834,0.6318671244
0.5555555556,0.4848484848,0.1428571429,0.5000000000,0,0.4615384615,0.4613259669,0.6215474133
0.5555555556,0.5151515152,0.3571428571,0.5000000000,0,0.3846153846,0.3756906077,0.6300233385
0.5555555556,0.3939393939,0.0000000000,0.3333333333,1,0.1538461538,0.4116022099,0.3925966193
0.5555555556,0.8484848485,0.4285714286,0.5000000000,0,0.0769230769,0.3812154696,0.4919474312
0.5555555556,0.6666666667,0.0000000000,0.5000000000,0,0.0000000000,0.3867403315,0.3686672244
0.5555555556,0.2424242424,0.7857142857,0.5000000000,0,0.4615384615,0.4668508287,0.5560173143
0.5555555556,0.4242424242,0.8571428571,0.6666666667,1,0.4615384615,0.4116022099,0.4595122689
0.5555555556,0.3939393939,0.2857142857,0.3333333333,0,0.4615384615,0.3342541436,0.6029038839
0.5555555556,0.6363636364,0.5714285714,0.3333333333,0,0.1538461538,0.4364640884,0.7479559674
0.6666666667,0.6666666667,0.3571428571,0.3333333333,0,0.4615384615,0.4060773481,0.5586950410
0.6666666667,0.9090909091,0.0000000000,0.5000000000,0,0.4615384615,0.5082872928,0.4396670571
0.6666666667,0.6969696970,0.2857142857,0.3333333333,0,0.5384615385,0.4447513812,0.5064179367
0.6666666667,0.7272727273,0.4285714286,0.3333333333,0,0.2307692308,0.4088397790,0.5199720401
0.6666666667,0.1515151515,0.4285714286,0.3333333333,0,0.4615384615,0.3895027624,0.6676692244
0.6666666667,0.7272727273,0.1428571429,0.5000000000,0,0.2307692308,0.3370165746,0.6730253484
0.6666666667,0.6060606061,0.3571428571,0.5000000000,0,0.1538461538,0.4198895028,0.6206749241
0.6666666667,0.3939393939,0.1428571429,0.6666666667,0,0.0769230769,0.4254143646,0.6090148564
0.6666666667,0.3333333333,0.3571428571,0.5000000000,0,0.3076923077,0.3259668508,0.6164833832
0.6666666667,0.0000000000,0.2857142857,0.1666666667,0,0.3076923077,0.5718232044,0.5580816839
0.6666666667,0.2727272727,0.4285714286,0.5000000000,0,0.1538461538,0.4033149171,0.5856591711
0.6666666667,0.0303030303,0.7142857143,0.3333333333,0,0.9230769231,0.3950276243,0.4289003835
0.6666666667,0.5151515152,0.2857142857,0.1666666667,0,0.3076923077,0.5662983425,0.5622629790
0.6666666667,0.4545454545,0.7142857143,0.3333333333,0,0.0769230769,0.4116022099,0.2716557763
0.6666666667,0.1515151515,0.1428571429,0.1666666667,0,0.0769230769,0.3977900552,0.5857672027
0.6666666667,0.8484848485,0.8571428571,0.5000000000,0,0.0769230769,0.3895027624,0.3847821345
0.6666666667,0.6666666667,0.5714285714,0.3333333333,0,0.3076923077,0.3038674033,0.6336270185
0.6666666667,0.7272727273,0.7142857143,0.6666666667,0,0.4615384615,0.3370165746,0.4497289433
0.6666666667,0.5454545455,0.3571428571,0.3333333333,1,0.0000000000,0.3618784530,0.5088115737
0.6666666667,0.7272727273,0.2857142857,0.3333333333,0,0.4615384615,0.5220994475,0.6301873093
0.6666666667,0.7272727273,0.2142857143,0.3333333333,0,0.8461538462,0.4668508287,0.6370518449
0.6666666667,0.0606060606,0.0000000000,0.5000000000,2,0.0769230769,0.4005524862,0.5002801367
0.6666666667,0.5454545455,0.0714285714,0.3333333333,0,0.4615384615,0.3287292818,0.7316430902
0.7777777778,0.7575757576,0.0714285714,0.5000000000,0,0.6153846154,0.3950276243,0.5396199412
0.7777777778,0.6363636364,0.6428571429,0.5000000000,0,0.0769230769,0.4143646409,0.6411152594
0.7777777778,0.7575757576,0.7142857143,0.3333333333,0,0.0769230769,0.3011049724,0.4316644290
0.7777777778,0.2424242424,0.2857142857,0.5000000000,0,0.4615384615,0.3093922652,0.6076060514
0.7777777778,0.5757575758,0.7142857143,0.3333333333,0,0.0000000000,0.3563535912,0.3924380260
0.7777777778,0.4242424242,0.6428571429,0.5000000000,0,0.0000000000,0.4171270718,0.5453356010
0.7777777778,0.1818181818,0.2142857143,0.3333333333,0,0.3076923077,0.3066298343,0.5559366585
0.7777777778,0.6666666667,0.1428571429,0.5000000000,0,0.0000000000,0.3149171271,0.5551584541
0.7777777778,0.0303030303,0.3571428571,0.5000000000,0,0.0769230769,0.4171270718,0.5024930218
0.7777777778,0.5151515152,0.6428571429,0.5000000000,0,0.0000000000,0.5000000000,0.0169811921
0.7777777778,0.1515151515,0.0000000000,0.5000000000,0,0.0000000000,0.3121546961,0.4561289600
0.7777777778,0.5454545455,0.1428571429,0.5000000000,0,0.0000000000,0.2486187845,0.5990576698
0.7777777778,0.1818181818,0.7142857143,0.5000000000,0,0.3076923077,0.3093922652,0.4911979132
0.7777777778,0.4848484848,0.2857142857,0.3333333333,0,0.1538461538,0.3425414365,0.5073332703
0.7777777778,0.6666666667,0.6428571429,0.5000000000,0,0.3076923077,0.3287292818,0.4415139951
0.7777777778,0.7575757576,0.7142857143,0.5000000000,0,0.0769230769,0.2872928177,0.3324747192
0.8888888889,0.6363636364,1.0000000000,0.5000000000,0,0.4615384615,0.3176795580,0.6103367712
0.8888888889,0.1515151515,0.4285714286,0.3333333333,0,0.1538461538,0.4364640884,0.5612417378
0.8888888889,0.5757575758,0.3571428571,0.5000000000,0,0.3076923077,0.3121546961,0.6655134845
0.8888888889,0.6060606061,0.7857142857,0.5000000000,0,0.0769230769,0.4005524862,0.6098675933
0.8888888889,0.0606060606,0.4285714286,0.3333333333,0,0.4615384615,0.3508287293,0.5089505967
0.8888888889,0.3636363636,0.6428571429,0.6666666667,0,0.0769230769,0.4005524862,0.1794114508
0.8888888889,0.5757575758,1.0000000000,0.3333333333,0,0.4615384615,0.0248618785,0.8001289870
0.8888888889,0.6969696970,0.0000000000,0.6666666667,0,0.0769230769,0.3977900552,0.3450867674
0.8888888889,0.4242424242,0.2857142857,0.6666666667,0,0.4615384615,0.3425414365,0.5712254357
0.8888888889,0.1515151515,0.0714285714,0.5000000000,0,0.1538461538,0.3508287293,0.6362472295
0.8888888889,0.7575757576,0.0000000000,0.5000000000,0,0.8461538462,0.3093922652,0.6157206428
0.8888888889,0.7272727273,0.4285714286,0.3333333333,0,0.1538461538,0.3563535912,0.6121737840
0.8888888889,0.4242424242,0.5000000000,0.6666666667,0,0.3076923077,0.1906077348,0.4006542336
0.8888888889,0.7575757576,0.1428571429,0.3333333333,0,0.4615384615,0.3977900552,0.4227631799
0.8888888889,0.1212121212,0.4285714286,0.3333333333,0,0.0000000000,0.3149171271,0.5229217877
0.8888888889,0.4545454545,0.3571428571,0.5000000000,0,0.0000000000,0.3674033149,0.7597634983
1.0000000000,0.8181818182,0.0000000000,0.6666666667,0,0.6923076923,0.3038674033,0.1158970776
1.0000000000,0.8181818182,0.7857142857,0.1666666667,0,0.0000000000,0.3922651934,0.5643018056
1.0000000000,0.7878787879,0.3571428571,0.5000000000,0,0.1538461538,0.3038674033,0.4533460311
1.0000000000,0.1818181818,0.5714285714,0.3333333333,0,0.0769230769,0.3563535912,0.5947907143
1.0000000000,0.9090909091,0.6428571429,0.3333333333,0,0.0769230769,0.4364640884,0.2791975086
1.0000000000,0.9393939394,0.2142857143,0.5000000000,0,0.0000000000,0.3232044199,0.8024278834
1.0000000000,0.1818181818,0.0714285714,0.3333333333,0,0.0769230769,0.3618784530,0.7383102572
1.0000000000,0.2727272727,0.1428571429,0.5000000000,0,0.1538461538,0.5055248619,0.5417219870
1.0000000000,0.2424242424,0.1428571429,0.3333333333,0,0.0000000000,0.3950276243,0.3926052830
1.0000000000,0.0303030303,0.5714285714,0.3333333333,0,0.1538461538,0.3812154696,0.5118858266
1.0000000000,0.4545454545,0.3571428571,0.5000000000,0,0.2307692308,0.3066298343,0.4572535771
1.0000000000,0.0000000000,0.8571428571,0.6666666667,0,0.4615384615,0.3397790055,0.4220824440
0.0000000000,0.3333333333,0.0000000000,0.5000000000,0,0.1538461538,0.6353591160,0.4619666610
0.0000000000,0.7575757576,0.0714285714,0.1666666667,0,0.0000000000,0.7845303867,0.8644056023
0.0000000000,0.2727272727,0.5714285714,0.1666666667,0,0.0769230769,0.7154696133,0.5603763357
0.0000000000,0.0909090909,0.2142857143,0.1666666667,1,0.0000000000,0.5552486188,0.6109499822
0.0000000000,0.1515151515,0.0000000000,0.1666666667,0,0.3076923077,0.5138121547,0.5051683694
0.1111111111,0.4848484848,0.0000000000,0.1666666667,0,0.1538461538,0.5441988950,0.5406185843
0.1111111111,0.8484848485,0.3571428571,0.3333333333,0,0.2307692308,0.6436464088,0.8029942507
0.1111111111,0.1818181818,0.0714285714,0.1666666667,0,0.0769230769,0.6022099448,0.5835664039
0.1111111111,0.7878787879,0.0714285714,0.3333333333,0,0.0769230769,0.7734806630,0.5307592118
0.1111111111,0.5757575758,0.7857142857,0.3333333333,0,0.0769230769,0.6906077348,0.6882900610
0.2222222222,0.8181818182,0.3571428571,0.3333333333,0,0.0769230769,0.3011049724,0.4858709784
0.2222222222,0.6060606061,0.7857142857,0.5000000000,0,0.0769230769,0.5580110497,0.7432115225
0.2222222222,0.9090909091,0.4285714286,0.3333333333,0,0.4615384615,0.5524861878,0.6519742138
0.2222222222,0.8787878788,0.0714285714,0.1666666667,0,0.0000000000,0.6077348066,0.6101933847
0.2222222222,0.1212121212,0.4285714286,0.3333333333,0,0.0769230769,0.5497237569,0.4508143546
0.2222222222,0.0606060606,0.0714285714,0.3333333333,0,0.4615384615,0.6546961326,0.6632671330
0.2222222222,0.6666666667,0.7857142857,0.1666666667,0,0.1538461538,0.6464088398,0.8210325994
0.2222222222,0.4545454545,0.3571428571,0.3333333333,0,0.4615384615,0.5165745856,0.8403686260
0.3333333333,0.5454545455,0.4285714286,0.3333333333,0,0.0000000000,0.4972375691,0.6442666136
0.3333333333,0.6969696970,0.7142857143,0.1666666667,1,0.0769230769,0.5745856354,0.4734762049
0.3333333333,0.2424242424,0.2857142857,0.1666666667,0,0.4615384615,0.6104972376,0.5778135826
0.3333333333,0.8484848485,0.5714285714,0.1666666667,1,0.0000000000,0.5248618785,0.4983389401
0.3333333333,1.0000000000,0.6428571429,0.5000000000,0,0.6923076923,0.6049723757,0.6144933574
0.3333333333,0.0909090909,0.1428571429,0.1666666667,0,0.4615384615,0.4972375691,0.5564240416
0.3333333333,0.0303030303,0.2142857143,0.3333333333,0,0.1538461538,0.6270718232,0.4245811011
0.3333333333,0.9393939394,0.5714285714,0.0000000000,0,0.0000000000,0.5000000000,0.7428288554
0.3333333333,0.1818181818,0.4285714286,0.1666666667,0,0.0000000000,0.5055248619,0.4935163843
0.3333333333,0.9696969697,0.7857142857,0.5000000000,0,0.6153846154,0.5248618785,0.7434875340
0.3333333333,0.0000000000,0.4285714286,0.1666666667,0,0.0769230769,0.4917127072,0.5557268549
0.3333333333,0.7272727273,0.3571428571,0.3333333333,0,0.2307692308,0.5110497238,0.7798306763
0.4444444444,0.6666666667,0.0000000000,0.1666666667,0,0.5384615385,0.4889502762,0.3443036685
0.4444444444,0.8181818182,0.3571428571,0.1666666667,0,0.4615384615,0.4254143646,0.6245954276
0.4444444444,0.6060606061,0.2857142857,0.5000000000,0,0.0769230769,0.4502762431,0.5368054604
0.4444444444,0.4848484848,0.3571428571,0.3333333333,0,0.0769230769,0.5331491713,0.6569870837
0.4444444444,0.2424242424,0.8571428571,0.3333333333,0,0.0769230769,0.4779005525,0.4601647479
0.4444444444,0.0606060606,0.4285714286,0.3333333333,0,0.0000000000,0.5000000000,0.6844905553
0.4444444444,0.1212121212,0.6428571429,0.5000000000,0,0.2307692308,0.4944751381,0.5125076947
0.4444444444,0.0909090909,0.6428571429,0.5000000000,0,0.9230769231,0.4613259669,0.6118257511
0.5555555556,0.7575757576,0.4285714286,0.3333333333,0,0.0000000000,0.4696132597,0.7040905605
0.5555555556,0.6969696970,0.0714285714,0.3333333333,0,0.4615384615,0.4088397790,0.5955785714
0.5555555556,0.0303030303,0.8571428571,0.5000000000,1,0.4615384615,0.5082872928,0.3030664090
0.5555555556,1.0000000000,0.6428571429,0.5000000000,0,0.4615384615,0.4917127072,0.4471817362
0.5555555556,0.3636363636,0.1428571429,0.3333333333,0,0.6923076923,0.4806629834,0.6595071112
0.5555555556,0.5151515152,0.3571428571,0.3333333333,0,0.3076923077,0.5055248619,0.8552157015
0.5555555556,0.8787878788,0.3571428571,0.5000000000,0,0.0769230769,0.4116022099,0.6769433037
0.5555555556,0.9393939394,0.3571428571,0.3333333333,0,0.0769230769,0.4944751381,0.5685858922
0.5555555556,0.0909090909,0.0714285714,0.3333333333,0,0.0769230769,0.4779005525,0.7465463305
0.5555555556,0.7272727273,0.3571428571,0.5000000000,0,0.0769230769,0.5497237569,0.6018861067
0.5555555556,0.0000000000,0.0714285714,0.5000000000,0,0.9230769231,0.4585635359,0.6551374689
0.5555555556,0.7878787879,0.4285714286,0.5000000000,0,0.0000000000,0.4834254144,0.8079941196
0.5555555556,0.6363636364,0.1428571429,0.3333333333,0,0.8461538462,0.4254143646,0.6094681657
0.5555555556,0.5757575758,0.1428571429,0.1666666667,0,0.4615384615,0.4751381215,0.7030900900
0.5555555556,0.3939393939,0.7142857143,0.5000000000,0,0.6153846154,0.4806629834,0.4573193041
0.5555555556,0.6060606061,0.0000000000,0.3333333333,0,0.0000000000,0.4033149171,0.5590407548
0.5555555556,0.9090909091,0.2857142857,0.3333333333,0,0.0000000000,0.4475138122,0.6402153649
0.5555555556,0.2424242424,0.4285714286,0.3333333333,0,0.2307692308,0.4502762431,0.7179828174
0.5555555556,0.5454545455,0.2857142857,0.3333333333,0,0.0769230769,0.4613259669,0.5192452685
0.5555555556,0.4545454545,0.4285714286,0.3333333333,0,0.0769230769,0.4530386740,0.4427250903
0.5555555556,0.2424242424,0.5714285714,0.1666666667,0,0.4615384615,0.3922651934,0.5333022692
0.5555555556,0.4242424242,0.1428571429,0.5000000000,0,0.9230769231,0.4226519337,0.6207096324
0.5555555556,0.8181818182,0.4285714286,0.5000000000,0,0.1538461538,0.4696132597,0.4483431191
0.5555555556,0.1818181818,0.4285714286,0.3333333333,0,0.3076923077,0.4972375691,0.5234638974
0.5555555556,0.3636363636,0.7857142857,0.3333333333,0,0.8461538462,0.4337016575,0.8094224708
0.5555555556,0.2424242424,0.2857142857,0.3333333333,0,0.1538461538,0.4171270718,0.3790794387
0.5555555556,0.9393939394,0.3571428571,0.3333333333,0,0.8461538462,0.4337016575,0.7691792861
0.6666666667,0.5454545455,0.3571428571,0.6666666667,0,0.4615384615,0.3508287293,0.6433678748
0.6666666667,0.0303030303,0.2857142857,0.5000000000,0,0.4615384615,0.4447513812,0.4478416087
0.6666666667,0.2424242424,0.5714285714,0.3333333333,0,0.0000000000,0.4558011050,0.4433068345
0.6666666667,0.7878787879,0.2142857143,0.1666666667,0,0.3076923077,0.4613259669,0.5756804461
0.6666666667,0.8484848485,0.6428571429,0.3333333333,0,0.1538461538,0.4889502762,0.4056085683
0.6666666667,0.5151515152,0.3571428571,0.3333333333,0,0.0769230769,0.4585635359,0.6901763925
0.6666666667,0.9696969697,0.1428571429,0.3333333333,0,0.0769230769,0.4392265193,0.6065969968
0.6666666667,0.0303030303,0.3571428571,0.3333333333,1,0.4615384615,0.3232044199,0.6967354898
0.6666666667,0.7575757576,0.2142857143,0.6666666667,0,0.0000000000,0.3839779006,0.6292358238
0.6666666667,0.7272727273,0.6428571429,0.5000000000,0,0.3846153846,0.4226519337,0.6377636408
0.6666666667,0.6666666667,0.4285714286,0.1666666667,0,0.2307692308,0.4060773481,0.5220000986
0.6666666667,0.4242424242,0.7857142857,0.5000000000,0,0.9230769231,0.3977900552,0.5307425222
0.6666666667,0.5151515152,0.1428571429,0.1666666667,0,0.0769230769,0.3425414365,0.5047712620
0.6666666667,0.9090909091,0.7142857143,0.1666666667,0,0.0769230769,0.4613259669,0.3494218431
0.6666666667,0.0606060606,0.1428571429,0.3333333333,0,0.1538461538,0.3563535912,0.4474539785
0.6666666667,0.5454545455,0.2142857143,0.3333333333,0,0.5384615385,0.3618784530,0.4593176436
0.6666666667,0.4545454545,0.0000000000,0.3333333333,0,0.0769230769,0.3812154696,0.5665739934
0.6666666667,0.8787878788,0.6428571429,0.3333333333,0,0.0000000000,0.3121546961,0.4567839282
0.6666666667,0.0000000000,0.7142857143,0.5000000000,0,0.0000000000,0.4558011050,0.2488500260
0.6666666667,0.5151515152,0.2857142857,0.5000000000,0,0.4615384615,0.4005524862,0.5033630894
0.6666666667,0.1515151515,0.1428571429,0.5000000000,0,0.4615384615,0.4116022099,0.6885981924
0.6666666667,0.6060606061,0.2142857143,0.3333333333,0,0.1538461538,0.3950276243,0.4926686542
0.6666666667,0.2727272727,0.1428571429,0.3333333333,0,0.0000000000,0.4613259669,0.5466584294
0.7777777778,0.6969696970,0.3571428571,0.5000000000,0,0.9230769231,0.4116022099,0.7587620781
0.7777777778,0.2727272727,0.7857142857,0.3333333333,0,0.1538461538,0.4143646409,0.5955742832
0.7777777778,1.0000000000,0.5714285714,0.3333333333,0,0.4615384615,0.4668508287,0.4902483457
0.7777777778,0.8787878788,0.2142857143,0.1666666667,0,0.3846153846,0.3977900552,0.6073368763
0.7777777778,0.8484848485,0.7142857143,0.5000000000,0,0.0769230769,0.4198895028,0.4782893119
0.7777777778,0.5757575758,0.2142857143,0.1666666667,0,0.3846153846,0.4447513812,0.6304042328
0.7777777778,0.8181818182,0.6428571429,0.6666666667,0,0.0000000000,0.4143646409,0.4314838341
0.7777777778,0.1818181818,0.1428571429,0.3333333333,0,0.3076923077,0.4281767956,0.4403128361
0.7777777778,0.0303030303,0.1428571429,0.3333333333,0,0.6153846154,0.3867403315,0.4328254467
0.7777777778,0.1212121212,0.0000000000,0.5000000000,0,0.1538461538,0.4779005525,0.4215958395
0.7777777778,0.6363636364,0.1428571429,0.3333333333,0,0.0769230769,0.3204419890,0.5318645902
0.7777777778,0.4545454545,0.4285714286,0.5000000000,0,0.0000000000,0.3093922652,0.5521268056
0.7777777778,0.7575757576,0.1428571429,0.5000000000,0,0.8461538462,0.0000000000,0.4561902810
0.7777777778,0.0303030303,0.6428571429,0.5000000000,0,0.1538461538,0.3563535912,0.3587813276
0.7777777778,0.5454545455,0.2142857143,0.3333333333,0,0.8461538462,0.2955801105,0.6862307766
0.8888888889,0.6666666667,0.2857142857,0.5000000000,0,0.0769230769,0.5828729282,0.4852214585
0.8888888889,0.7272727273,0.4285714286,0.3333333333,0,0.1538461538,0.3370165746,0.6075415489
0.8888888889,0.2727272727,0.2142857143,0.5000000000,0,0.6153846154,0.2955801105,0.5233234232
0.8888888889,0.9696969697,0.2857142857,0.3333333333,0,0.2307692308,0.4060773481,0.4553459243
0.8888888889,1.0000000000,0.7142857143,0.3333333333,0,0.0000000000,0.0248618785,0.4497048013
0.8888888889,0.0606060606,0.5714285714,0.3333333333,0,0.8461538462,0.3259668508,0.5654865182
0.8888888889,0.8181818182,0.2857142857,0.5000000000,0,0.3076923077,0.3701657459,0.5312867058
0.8888888889,0.9393939394,0.0714285714,0.3333333333,0,0.1538461538,0.2651933702,0.5306111882
0.8888888889,0.7878787879,0.8571428571,0.6666666667,0,0.3846153846,0.3895027624,0.3871297707
0.8888888889,0.6060606061,0.7142857143,0.5000000000,0,0.1538461538,0.3977900552,0.3206967569
0.8888888889,0.0303030303,0.7857142857,0.3333333333,0,0.1538461538,0.4723756906,0.8497161355
0.8888888889,0.7575757576,0.3571428571,0.5000000000,0,0.0000000000,0.0248618785,0.5183829520
0.8888888889,0.4242424242,0.0714285714,0.5000000000,0,0.0769230769,0.4116022099,0.6190120657
0.8888888889,0.9696969697,1.0000000000,0.3333333333,0,0.1538461538,0.3232044199,0.4694207758
0.8888888889,0.7878787879,0.1428571429,0.3333333333,0,0.9230769231,0.3812154696,0.8450501286
0.8888888889,0.2424242424,0.7142857143,0.5000000000,0,0.0769230769,0.2872928177,0.2600988753
0.8888888889,0.3939393939,0.7142857143,0.6666666667,0,0.0000000000,0.2679558011,0.4963915209
0.8888888889,0.1818181818,0.2857142857,0.3333333333,0,0.0000000000,0.4392265193,0.6096099189
1.0000000000,0.0303030303,0.2857142857,0.5000000000,0,0.4615384615,0.3922651934,0.7086266355
1.0000000000,0.9090909091,0.5714285714,0.5000000000,0,0.0000000000,0.2707182320,0.4498593266
1.0000000000,0.6969696970,0.4285714286,0.3333333333,0,0.4615384615,0.3149171271,0.6429646028
1.0000000000,0.3636363636,0.3571428571,0.5000000000,0,0.3076923077,0.3535911602,0.5396663258
1.0000000000,0.9696969697,0.0714285714,0.6666666667,0,0.1538461538,0.4088397790,0.5429446386
1.0000000000,0.8181818182,0.1428571429,0.1666666667,0,0.1538461538,0.4143646409,0.5354637235
1.0000000000,0.4848484848,0.8571428571,0.5000000000,0,0.3076923077,0.3259668508,0.3248611312
1.0000000000,0.5454545455,0.1428571429,0.1666666667,0,0.0769230769,0.4088397790,0.6728388231
0.0000000000,0.6666666667,0.0000000000,0.5000000000,0,0.3076923077,0.5607734807,0.3744959738
0.0000000000,0.2727272727,0.0000000000,0.1666666667,0,0.0000000000,0.8259668508,0.2777718439
0.0000000000,0.6363636364,0.0714285714,0.3333333333,0,0.1538461538,0.9143646409,0.7518607811
0.0000000000,0.0000000000,0.6428571429,0.3333333333,0,0.5384615385,0.9198895028,0.6400445251
0.0000000000,0.1212121212,0.0000000000,0.3333333333,0,0.3846153846,0.5220994475,0.5755664003
0.0000000000,0.8484848485,0.0000000000,0.1666666667,0,0.0000000000,0.6022099448,0.4151298734
0.1111111111,0.9393939394,0.0714285714,0.3333333333,0,0.8461538462,0.5469613260,0.7307016182
0.1111111111,0.9090909091,0.7142857143,0.3333333333,0,0.0000000000,0.4944751381,0.7592098082
0.1111111111,0.5454545455,0.4285714286,0.1666666667,0,0.1538461538,0.5580110497,0.6549137015
0.2222222222,0.0909090909,0.1428571429,0.1666666667,0,0.4615384615,0.5110497238,0.7924062324
0.2222222222,0.7272727273,0.7857142857,0.8333333333,0,0.0769230769,0.5220994475,0.6114149536
0.2222222222,0.8787878788,0.1428571429,0.5000000000,0,0.0769230769,0.6602209945,0.3291588807
0.2222222222,0.6969696970,0.2857142857,0.3333333333,0,0.0769230769,0.6464088398,0.7706011608
0.2222222222,0.0303030303,0.4285714286,0.1666666667,0,0.2307692308,0.5386740331,0.6199366485
0.3333333333,0.6666666667,0.8571428571,0.5000000000,0,0.3846153846,0.4917127072,0.5040862215
0.3333333333,0.6060606061,0.6428571429,0.5000000000,0,0.8461538462,0.5828729282,0.5464347852
0.3333333333,0.6666666667,0.2142857143,0.3333333333,0,0.0769230769,0.4917127072,0.7901992973
0.3333333333,0.0000000000,0.6428571429,0.3333333333,0,0.0769230769,0.4613259669,0.6900465260
0.3333333333,0.3333333333,0.8571428571,0.0000000000,0,0.4615384615,0.5580110497,0.6876241928
0.3333333333,0.6363636364,0.1428571429,0.3333333333,0,0.2307692308,0.5138121547,0.6890686775
0.3333333333,0.3636363636,0.3571428571,0.3333333333,0,0.1538461538,0.5911602210,0.7501349269
0.3333333333,0.8181818182,0.7857142857,0.3333333333,0,0.4615384615,0.5276243094,0.9256130248
0.3333333333,0.4242424242,0.2142857143,0.1666666667,0,0.0769230769,0.5027624309,0.6411493452
0.3333333333,0.5454545455,0.4285714286,0.3333333333,0,0.4615384615,0.5497237569,0.6168305471
0.3333333333,0.1515151515,0.0714285714,0.3333333333,0,0.0769230769,0.4337016575,0.5540099687
0.3333333333,0.8484848485,0.1428571429,0.1666666667,0,0.0769230769,0.5027624309,0.4787170018
0.4444444444,0.0606060606,0.7142857143,0.1666666667,0,0.3076923077,0.5138121547,0.6109837103
0.4444444444,0.5757575758,0.4285714286,0.3333333333,0,0.1538461538,0.4723756906,0.5191382781
0.4444444444,0.4545454545,0.1428571429,0.3333333333,0,0.3076923077,0.4834254144,0.5475744325
0.5555555556,0.4848484848,0.5714285714,0.1666666667,0,0.0000000000,0.5662983425,0.6959242201
0.5555555556,0.6060606061,0.2857142857,0.5000000000,0,0.1538461538,0.4447513812,0.5614600733
0.5555555556,0.7575757576,0.3571428571,0.1666666667,0,0.5384615385,0.4502762431,0.6953920356
0.5555555556,0.6363636364,0.2142857143,0.3333333333,0,0.0000000000,0.4475138122,0.6405883990
0.5555555556,0.1515151515,0.2857142857,0.3333333333,0,0.1538461538,0.4779005525,0.3126079953
0.5555555556,0.2424242424,0.2857142857,0.1666666667,0,0.0000000000,0.5165745856,0.6851654863
0.5555555556,0.0606060606,0.1428571429,0.3333333333,0,0.3846153846,0.4723756906,0.5413340874
0.5555555556,0.7272727273,0.7142857143,0.3333333333,0,0.3076923077,0.4779005525,0.0000000000
0.5555555556,1.0000000000,0.2857142857,0.5000000000,0,0.1538461538,0.3895027624,0.4989247959
0.5555555556,0.0909090909,0.4285714286,0.5000000000,0,0.0769230769,0.4254143646,0.3536490387
0.5555555556,0.7272727273,0.7857142857,0.3333333333,0,0.3076923077,0.4779005525,0.5398789752
0.5555555556,0.5454545455,0.3571428571,0.5000000000,0,0.0769230769,0.4005524862,0.8340447195
0.5555555556,0.9696969697,0.7142857143,0.5000000000,0,0.3076923077,0.4806629834,0.4987808184
0.5555555556,0.4545454545,0.7142857143,0.1666666667,0,0.9230769231,0.4392265193,0.3631147678
0.5555555556,0.1212121212,0.2857142857,0.3333333333,0,0.0000000000,0.5027624309,0.6316884081
0.5555555556,0.8484848485,0.8571428571,0.3333333333,0,0.4615384615,0.4281767956,0.3726494664
0.6666666667,0.0909090909,0.7857142857,0.3333333333,0,0.4615384615,0.5000000000,0.7637791970
0.6666666667,0.4848484848,0.1428571429,0.1666666667,0,0.3076923077,0.4447513812,0.4299673289
0.6666666667,0.0000000000,0.2142857143,0.1666666667,0,0.1538461538,0.4171270718,0.5416261038
0.6666666667,0.6363636364,0.3571428571,0.5000000000,0,0.4615384615,0.3977900552,0.5696353587
0.6666666667,0.9696969697,0.8571428571,0.3333333333,0,0.4615384615,0.3453038674,0.3542367066
0.6666666667,0.7272727273,0.4285714286,0.5000000000,0,0.0769230769,0.4640883978,0.4036518999
0.6666666667,0.8181818182,0.7857142857,0.3333333333,0,0.5384615385,0.4392265193,0.5233559214
0.6666666667,0.1515151515,0.5714285714,0.3333333333,0,0.0769230769,0.4585635359,0.4626090469
0.6666666667,0.1818181818,0.4285714286,0.3333333333,0,0.1538461538,0.3784530387,0.6323253391
0.6666666667,0.6969696970,0.7142857143,0.3333333333,0,0.1538461538,0.4751381215,0.4878804643
0.6666666667,0.8181818182,0.2142857143,0.3333333333,0,0.0000000000,0.4005524862,0.6244065254
0.6666666667,0.0909090909,0.3571428571,0.6666666667,0,0.0769230769,0.4254143646,0.5822838106
0.7777777778,0.9696969697,0.3571428571,0.5000000000,0,0.1538461538,0.4364640884,0.6760956478
0.7777777778,0.3636363636,0.4285714286,0.5000000000,0,0.0000000000,0.3729281768,0.6610073760
0.7777777778,0.4242424242,0.7142857143,0.5000000000,0,0.0000000000,0.4668508287,0.4564797056
0.7777777778,1.0000000000,0.8571428571,0.5000000000,0,0.0000000000,0.4171270718,0.6546035617
0.7777777778,0.5151515152,0.0714285714,0.3333333333,0,0.1538461538,0.4337016575,0.5017093635
0.7777777778,0.7272727273,0.1428571429,0.1666666667,0,0.0000000000,0.3701657459,0.4391703016
0.7777777778,0.7878787879,0.2857142857,0.1666666667,0,0.1538461538,0.5110497238,0.3429919297
0.7777777778,0.4545454545,0.7857142857,0.3333333333,0,0.1538461538,0.4088397790,0.6344131409
0.7777777778,0.1212121212,0.6428571429,0.5000000000,0,0.1538461538,0.4226519337,0.5928628720
0.7777777778,0.2424242424,0.7142857143,0.3333333333,0,0.4615384615,0.4558011050,0.2019151309
0.8888888889,0.9696969697,0.2142857143,0.1666666667,0,0.0769230769,0.4254143646,0.4951567547
0.8888888889,0.3939393939,0.3571428571,0.3333333333,0,0.0000000000,0.3784530387,0.5921162553
0.8888888889,0.3333333333,0.0714285714,0.5000000000,0,0.0000000000,0.4088397790,0.7323984250
0.8888888889,0.6363636364,0.6428571429,0.3333333333,0,0.0000000000,0.2734806630,0.3576159421
0.8888888889,0.0000000000,0.1428571429,0.3333333333,0,0.1538461538,0.5110497238,0.4596862303
0.8888888889,1.0000000000,0.1428571429,0.6666666667,0,0.3076923077,0.3066298343,0.8248070309
0.8888888889,0.9696969697,0.0714285714,0.5000000000,0,0.1538461538,0.3397790055,0.6124581703
0.8888888889,0.0606060606,0.1428571429,0.3333333333,0,0.3846153846,0.4005524862,0.5342690890
0.8888888889,0.6363636364,0.3571428571,0.5000000000,0,0.0000000000,0.2596685083,0.4723512519
0.8888888889,0.0303030303,0.0714285714,0.6666666667,0,0.2307692308,0.3591160221,0.7797863317
1.0000000000,0.9090909091,0.1428571429,0.5000000000,0,0.3076923077,0.4171270718,0.5412380145
1.0000000000,0.0606060606,0.2142857143,0.1666666667,0,0.0769230769,0.4116022099,0.7473647189
1.0000000000,0.7878787879,0.4285714286,0.3333333333,0,0.1538461538,0.3425414365,0.3190477990
1.0000000000,0.9393939394,0.8571428571,0.3333333333,0,0.0769230769,0.3563535912,0.3400466001
1.0000000000,0.5151515152,0.0000000000,0.5000000000,0,0.9230769231,0.2569060773,0.3720616437
1.0000000000,0.3939393939,0.7857142857,0.3333333333,0,0.1538461538,0.3701657459,0.5030812207
1.0000000000,1.0000000000,0.2142857143,0.5000000000,0,0.4615384615,0.3646408840,0.6349010092
1.0000000000,0.7878787879,0.1428571429,0.3333333333,0,0.2307692308,0.3425414365,0.5051987611
