Yr,Rnd,Pick,DP,DP Normalizado,Tm,Tm #,Tm # Normalizado,Player,Pos,Pos #,Pos # Normalizado,Age,Age Normalizado,To,College/Univ,College #,College # Norm,Conference,C#,C# Norm,Grade,SPORQ,SPORQ Normalizado,CarAV,AvgAV (NO SIRVE),Alt1AvgAV,Alt1AAV Cat,Alt2AvgAV,Alt2AAV Cat,AAV 5Cat
2012,1,1,1,0,IND,0,0,Andrew Luck\LuckAn00,QB,0,0,22,"0,3333333333",2018,Stanford,0,0,PAC12,0,0,1,"198,7122297","0,705341152",71,"14,30174023","10,14285714",2,"10,14285714",2,3
2012,1,4,1,0,MIN,1,"0,0303030303",Matt Kalil\KaliMa00,T,10,"0,7142857143",23,"0,5",2017,USC,1,"0,006289308176",PAC12,0,0,"0,9459459459","191,1893205","0,6233168919",40,"10,42495557","6,666666667",1,"5,714285714",1,2
2012,1,6,1,0,DAL,2,"0,06060606061",Morris Claiborne\ClaiMo00,DB,6,"0,4285714286",22,"0,3333333333",2018,LSU,2,"0,01257861635",SEC,1,"0,07142857143","0,9009009009","180,3213145","0,5048201605",24,"7,587454512","3,428571429",0,"3,428571429",0,1
2012,1,9,1,0,CAR,3,"0,09090909091",Luke Kuechly\KuecLu00,LB,5,"0,3571428571",21,"0,1666666667",2018,Boston Col.,3,"0,01886792453",ACC,2,"0,1428571429","0,8918918919","207,7883388","0,8043003596",84,"16,15888308",12,2,12,2,4
2012,1,10,1,0,BUF,4,"0,1212121212",Stephon Gilmore\GilmSt00,DB,6,"0,4285714286",21,"0,1666666667",2018,South Carolina,4,"0,0251572327",SEC,1,"0,07142857143","0,8234234234","192,73935","0,6402172717",42,"10,15888308",6,1,6,1,2
2012,1,11,2,"0,1111111111",KAN,5,"0,1515151515",Dontari Poe\PoexDo00,DT,4,"0,2857142857",22,"0,3333333333",2018,Memphis,5,"0,03144654088",AA,3,"0,2142857143","0,8558558559","205,2011403","0,776091453",51,"11,44459737","7,285714286",1,"7,285714286",1,2
2012,1,12,2,"0,1111111111",PHI,6,"0,1818181818",Fletcher Cox\CoxxFl00,DT,4,"0,2857142857",21,"0,1666666667",2018,Mississippi St.,6,"0,03773584906",SEC,1,"0,07142857143","0,8648648649","185,0825878","0,5567335771",68,"13,8731688","9,714285714",2,"9,714285714",2,3
2012,1,14,2,"0,1111111111",STL,7,"0,2121212121",Michael Brockers\BrocMi00,DT,4,"0,2857142857",21,"0,1666666667",2018,LSU,2,"0,01257861635",SEC,1,"0,07142857143","0,8198198198","177,5378542","0,4744713598",43,"10,30174023","6,142857143",1,"6,142857143",1,2
2012,1,15,2,"0,1111111111",SEA,8,"0,2424242424",Bruce Irvin\IrviBr00,DE,1,"0,07142857143",24,"0,6666666667",2018,West Virginia,7,"0,04402515723",Big12,4,"0,2857142857","0,6936936937","207,4695173","0,8008241648",37,"9,444597369","5,285714286",1,"5,285714286",1,1
2012,1,16,2,"0,1111111111",NYJ,9,"0,2727272727",Quinton Coples\CoplQu00,DE,1,"0,07142857143",22,"0,3333333333",2015,North Carolina,8,"0,05031446541",ACC,2,"0,1428571429","0,8378378378","183,6022511","0,5405930762",19,"7,498872196","4,75",1,"2,714285714",1,1
2012,1,18,2,"0,1111111111",SDG,10,"0,303030303",Melvin Ingram\IngrMe00,DE,1,"0,07142857143",23,"0,5",2018,South Carolina,4,"0,0251572327",SEC,1,"0,07142857143","0,8828828829","198,716027","0,7053825549",43,"10,30174023","6,142857143",1,"6,142857143",1,2
2012,1,19,2,"0,1111111111",CHI,11,"0,3333333333",Shea McClellin\McClSh00,DE,1,"0,07142857143",23,"0,5",2016,Boise St.,9,"0,05660377358",MW,5,"0,3571428571","0,7747747748","194,2224691","0,6563881098",17,"6,695836866","3,4",0,"2,428571429",0,1
2012,1,20,2,"0,1111111111",TEN,12,"0,3636363636",Kendall Wright\WrigKe01,WR,2,"0,1428571429",22,"0,3333333333",2017,Baylor,10,"0,06289308176",Big12,4,"0,2857142857","0,8468468468","190,8280546","0,6193779146",28,"8,424955572","4,666666667",1,4,1,1
2012,1,21,3,"0,2222222222",NWE,13,"0,3939393939",Chandler Jones\JoneCh03,DE,1,"0,07142857143",22,"0,3333333333",2018,Syracuse,11,"0,06918238994",ACC,2,"0,1428571429","0,7693693694","199,3926842","0,7127603266",57,"12,30174023","8,142857143",1,"8,142857143",1,2
2012,1,23,3,"0,2222222222",DET,14,"0,4242424242",Riley Reiff\ReifRi00,T,10,"0,7142857143",23,"0,5",2018,Iowa,12,"0,07547169811",Big10,6,"0,4285714286","0,8558558559","169,8127505","0,3902425198",45,"10,58745451","6,428571429",1,"6,428571429",1,2
2012,1,24,3,"0,2222222222",PIT,15,"0,4545454545",David DeCastro\DeCaDa00,G,9,"0,6428571429",22,"0,3333333333",2018,Stanford,0,0,PAC12,0,0,"0,9189189189","182,5643159","0,5292761954",56,"12,15888308",8,1,8,1,2
2012,1,26,3,"0,2222222222",HOU,16,"0,4848484848",Whitney Mercilus\MercWh00,DE,1,"0,07142857143",22,"0,3333333333",2018,Illinois,13,"0,08176100629",Big10,6,"0,4285714286","0,8018018018","191,6430719","0,6282642629",41,"10,01602594","5,857142857",1,"5,857142857",1,2
2012,1,27,3,"0,2222222222",CIN,17,"0,5151515152",Kevin Zeitler\ZeitKe00,G,9,"0,6428571429",22,"0,3333333333",2018,Wisconsin,14,"0,08805031447",Big10,6,"0,4285714286","0,7837837838","179,727207","0,4983424499",39,"9,730311655","5,571428571",1,"5,571428571",1,1
2012,1,28,3,"0,2222222222",GNB,18,"0,5454545455",Nick Perry\PerrNi00,DE,1,"0,07142857143",22,"0,3333333333",2018,USC,1,"0,006289308176",PAC12,0,0,"0,8108108108","210,1014432","0,829520746",22,"7,301740226","3,142857143",0,"3,142857143",0,1
2012,1,29,3,"0,2222222222",MIN,1,"0,0303030303",Harrison Smith\SmitHa00,DB,6,"0,4285714286",23,"0,5",2018,Notre Dame,15,"0,09433962264",IND,7,"0,5","0,7747747748","191,9039423","0,6311086015",50,"11,30174023","7,142857143",1,"7,142857143",1,2
2012,1,31,3,"0,2222222222",TAM,19,"0,5757575758",Doug Martin\MartDo00,RB,3,"0,2142857143",23,"0,5",2018,Boise St.,9,"0,05660377358",MW,5,"0,3571428571","0,8018018018","200,2805546","0,7224410113",39,"9,730311655","5,571428571",1,"5,571428571",1,1
2012,1,32,3,"0,2222222222",NYG,20,"0,6060606061",David Wilson\WilsDa01,RB,3,"0,2142857143",21,"0,1666666667",2014,Virginia Tech,16,"0,1006289308",ACC,2,"0,1428571429","0,7837837838","208,3514511","0,8104401213",5,"3,746108208","1,666666667",0,"0,7142857143",0,0
2012,2,33,4,"0,3333333333",STL,7,"0,2121212121",Brian Quick\QuicBr00,WR,2,"0,1428571429",23,"0,5",2018,Appalachian St.,17,"0,106918239",SB,8,"0,5714285714","0,7513513514","186,3987833","0,5710844032",11,"5,730311655","1,571428571",0,"1,571428571",0,0
2012,2,36,4,"0,3333333333",DEN,21,"0,6363636364",Derek Wolfe\WolfDe00,DT,4,"0,2857142857",22,"0,3333333333",2018,Cincinnati,18,"0,1132075472",AA,3,"0,2142857143","0,1081081081","196,4027627","0,6801604251",42,"10,15888308",6,1,6,1,2
2012,2,37,4,"0,3333333333",CLE,22,"0,6666666667",Mitchell Schwartz\SchwMi00,T,10,"0,7142857143",23,"0,5",2018,California,19,"0,1194968553",PAC12,0,0,"0,7387387387","159,294506","0,2755593302",61,"12,8731688","8,714285714",1,"8,714285714",1,3
2012,2,38,4,"0,3333333333",JAX,23,"0,696969697",Andre Branch\BranAn00,LB,5,"0,3571428571",23,"0,5",2018,Clemson,20,"0,1257861635",ACC,2,"0,1428571429","0,8108108108","196,43654","0,6805287079",21,"7,158883083",3,0,3,0,1
2012,2,39,4,"0,3333333333",STL,7,"0,2121212121",Janoris Jenkins\JenkJa03,DB,6,"0,4285714286",23,"0,5",2018,North Alabama,21,"0,1320754717",FCS,9,"0,6428571429","0,8018018018","185,1380392","0,5573381783",42,"10,15888308",6,1,6,1,2
2012,2,40,4,"0,3333333333",CAR,3,"0,09090909091",Amini Silatolu\SilaAm00,G,9,"0,6428571429",23,"0,5",2018,Midwestern St.,22,"0,1383647799",Div2,10,"0,7142857143","0,7603603604","179,6330608","0,4973159491",16,"6,444597369","2,285714286",0,"2,285714286",0,0
2012,2,41,4,"0,3333333333",BUF,4,"0,1212121212",Cordy Glenn\GlenCo00,G,9,"0,6428571429",22,"0,3333333333",2018,Georgia,23,"0,1446540881",SEC,1,"0,07142857143","0,8378378378","170,3938625","0,396578537",39,"9,730311655","5,571428571",1,"5,571428571",1,1
2012,2,43,4,"0,3333333333",NYJ,9,"0,2727272727",Stephen Hill\HillSt00,WR,2,"0,1428571429",21,"0,1666666667",2014,Georgia Tech,24,"0,1509433962",ACC,2,"0,1428571429","0,8018018018","201,1803803","0,7322520479",4,"3,412774875","1,333333333",0,"0,5714285714",0,0
2012,2,44,4,"0,3333333333",KAN,5,"0,1515151515",Jeff Allen\AlleJe01,T,10,"0,7142857143",22,"0,3333333333",2018,Illinois,13,"0,08176100629",Big10,6,"0,4285714286","0,7387387387","169,8975191","0,3911667742",25,"7,730311655","3,571428571",0,"3,571428571",0,1
2012,2,46,4,"0,3333333333",PHI,6,"0,1818181818",Mychal Kendricks\KendMy00,LB,5,"0,3571428571",21,"0,1666666667",2018,California,19,"0,1194968553",PAC12,0,0,"0,6882882883","211,5608044","0,8454325455",34,"9,016025941","4,857142857",1,"4,857142857",1,1
2012,2,49,5,"0,4444444444",SDG,10,"0,303030303",Kendall Reyes\ReyeKe00,DT,4,"0,2857142857",22,"0,3333333333",2016,Connecticut,25,"0,1572327044",AA,3,"0,2142857143","0,7657657658","203,2905965","0,7552602908",22,"7,695836866","4,4",0,"3,142857143",0,1
2012,2,50,5,"0,4444444444",STL,7,"0,2121212121",Isaiah Pead\PeadIs00,RB,3,"0,2142857143",22,"0,3333333333",2016,Cincinnati,18,"0,1132075472",AA,3,"0,2142857143","0,6342342342","178,6806639","0,4869317149",1,"3,495836866","0,2",0,"0,1428571429",0,0
2012,2,51,5,"0,4444444444",GNB,18,"0,5454545455",Jerel Worthy\WortJe00,DT,4,"0,2857142857",22,"0,3333333333",2018,Michigan St.,26,"0,1635220126",Big10,6,"0,4285714286","0,7747747748","186,4228321","0,5713466136",4,"4,730311655","0,5714285714",0,"0,5714285714",0,0
2012,2,56,5,"0,4444444444",PIT,15,"0,4545454545",Mike Adams\AdamMi02,T,10,"0,7142857143",22,"0,3333333333",2016,Ohio St.,27,"0,1698113208",Big10,6,"0,4285714286","0,8018018018","170,3102805","0,3956672204",11,"5,495836866","2,2",0,"1,571428571",0,0
2012,2,58,5,"0,4444444444",TAM,19,"0,5757575758",Lavonte David\DaviLa00,LB,5,"0,3571428571",22,"0,3333333333",2018,Nebraska,28,"0,1761006289",Big10,6,"0,4285714286","0,8108108108","194,2490374","0,656677791",57,"12,30174023","8,142857143",1,"8,142857143",1,2
2012,2,59,5,"0,4444444444",PHI,6,"0,1818181818",Vinny Curry\CurrVi00,DE,1,"0,07142857143",24,"0,6666666667",2018,Marshall,29,"0,1823899371",CUSA,11,"0,7857142857","0,7747747748","187,0832238","0,5785470382",17,"6,587454512","2,428571429",0,"2,428571429",0,0
2012,2,60,5,"0,4444444444",BAL,24,"0,7272727273",Kelechi Osemele\OsemKe00,T,10,"0,7142857143",23,"0,5",2018,Iowa St.,30,"0,1886792453",Big12,4,"0,2857142857","0,7477477477","181,0529534","0,512797412",43,"10,30174023","6,142857143",1,"6,142857143",1,2
2012,2,61,5,"0,4444444444",SFO,25,"0,7575757576",LaMichael James\JameLa00,RB,3,"0,2142857143",22,"0,3333333333",2015,Oregon,31,"0,1949685535",PAC12,0,0,"0,5765765766","189,8388509","0,6085923662",2,"3,248872196","0,5",0,"0,2857142857",0,0
2012,2,62,5,"0,4444444444",GNB,18,"0,5454545455",Casey Hayward\HaywCa00,DB,6,"0,4285714286",22,"0,3333333333",2018,Vanderbilt,32,"0,2012578616",SEC,1,"0,07142857143","0,5801801802","187,4844421","0,582921627",36,"9,301740226","5,142857143",1,"5,142857143",1,1
2012,2,63,5,"0,4444444444",NYG,20,"0,6060606061",Rueben Randle\RandRu00,WR,2,"0,1428571429",21,"0,1666666667",2015,LSU,2,"0,01257861635",SEC,1,"0,07142857143","0,8018018018","177,8645641","0,4780335639",21,"7,998872196","5,25",1,3,1,1
2013,1,1,1,0,KAN,5,"0,1515151515",Eric Fisher\FishEr00,T,10,"0,7142857143",22,"0,3333333333",2018,Central Michigan,79,"0,4968553459",MAC,12,"0,8571428571","0,9459459459","194,0673168","0,6546964434",48,"11,75828891",8,1,8,1,2
2013,1,2,1,0,JAX,23,"0,696969697",Luke Joeckel\JoecLu00,T,10,"0,7142857143",21,"0,1666666667",2017,Texas A&M,70,"0,4402515723",SEC,1,"0,07142857143","0,9693693694","179,3221403","0,493925901",22,"7,695836866","4,4",0,"3,666666667",0,1
2013,1,3,1,0,MIA,27,"0,8181818182",Dion Jordan\JordDi00,DE,1,"0,07142857143",23,"0,5",2018,Oregon,31,"0,1949685535",PAC12,0,0,"0,9369369369","194,8780122","0,6635356688",7,"4,924955572","1,166666667",0,"1,166666667",0,0
2013,1,4,1,0,PHI,6,"0,1818181818",Lane Johnson\JohnLa01,T,10,"0,7142857143",23,"0,5",2018,Oklahoma,38,"0,2389937107",Big12,4,"0,2857142857","0,9261261261","207,6765722","0,8030817389",43,"10,92495557","7,166666667",1,"7,166666667",1,2
2013,1,6,1,0,CLE,22,"0,6666666667",Barkevious Mingo\MingBa00,LB,5,"0,3571428571",22,"0,3333333333",2018,LSU,2,"0,01257861635",SEC,1,"0,07142857143","0,9243243243","203,6044169","0,7586819573",22,"7,424955572","3,666666667",0,"3,666666667",0,1
2013,1,7,1,0,ARI,28,"0,8484848485",Jonathan Cooper\CoopJo01,G,9,"0,6428571429",23,"0,5",2018,North Carolina,8,"0,05031446541",ACC,2,"0,1428571429","0,818018018","182,4776389","0,5283311332",14,"6,091622239","2,333333333",0,"2,333333333",0,0
2013,1,8,1,0,STL,7,"0,2121212121",Tavon Austin\AustTa00,WR,2,"0,1428571429",23,"0,5",2018,West Virginia,7,"0,04402515723",Big12,4,"0,2857142857","0,8990990991","176,0760078","0,4585324635",24,"7,758288905",4,0,4,0,1
2013,1,9,1,0,NYJ,9,"0,2727272727",Dee Milliner\MillDe00,DB,6,"0,4285714286",21,"0,1666666667",2015,Alabama,80,"0,5031446541",SEC,1,"0,07142857143","0,9315315315","188,4079202","0,5929905519",6,"4,079441542",2,0,1,0,0
2013,1,15,2,"0,1111111111",NOR,31,"0,9393939394",Kenny Vaccaro\VaccKe00,DB,6,"0,4285714286",22,"0,3333333333",2018,Texas,74,"0,465408805",Big12,4,"0,2857142857","0,8324324324","195,4113599","0,6693508993",27,"8,258288905","4,5",0,"4,5",0,1
2013,1,18,2,"0,1111111111",SFO,25,"0,7575757576",Eric Reid\ReidEr00,DB,6,"0,4285714286",21,"0,1666666667",2018,LSU,2,"0,01257861635",SEC,1,"0,07142857143","0,7387387387","206,1213194","0,7861244081",29,"8,591622239","4,833333333",1,"4,833333333",1,1
2013,1,19,2,"0,1111111111",NYG,20,"0,6060606061",Justin Pugh\PughJu00,T,10,"0,7142857143",23,"0,5",2018,Syracuse,11,"0,06918238994",ACC,2,"0,1428571429","0,5675675676","179,9087458","0,5003218153",27,"8,258288905","4,5",0,"4,5",0,1
2013,1,20,2,"0,1111111111",CHI,11,"0,3333333333",Kyle Long\LongKy00,G,9,"0,6428571429",24,"0,6666666667",2018,Oregon,31,"0,1949685535",PAC12,0,0,"0,6396396396","184,7256409","0,552841691",39,"10,25828891","6,5",1,"6,5",1,2
2013,1,21,3,"0,2222222222",CIN,17,"0,5151515152",Tyler Eifert\EifeTy00,TE,11,"0,7857142857",22,"0,3333333333",2018,Notre Dame,15,"0,09433962264",IND,7,"0,5","0,7531531532","196,8689691","0,6852435962",14,"6,091622239","2,333333333",0,"2,333333333",0,0
2013,1,22,3,"0,2222222222",ATL,29,"0,8787878788",Desmond Trufant\TrufDe00,DB,6,"0,4285714286",22,"0,3333333333",2018,Washington,62,"0,3899371069",PAC12,0,0,"0,7675675676","194,5148309","0,6595758075",31,"8,924955572","5,166666667",1,"5,166666667",1,1
2013,1,23,3,"0,2222222222",MIN,1,"0,0303030303",Sharrif Floyd\FloySh00,DT,4,"0,2857142857",21,"0,1666666667",2016,Florida,51,"0,320754717",SEC,1,"0,07142857143","0,9495495495","182,1291612","0,5245315891",13,"5,998872196","3,25",0,"2,166666667",0,1
2013,1,24,3,"0,2222222222",IND,0,0,Bjoern Werner\WernBj00,DE,1,"0,07142857143",23,"0,5",2015,Florida St.,48,"0,3018867925",ACC,2,"0,1428571429","0,8414414414","185,7920715","0,5644692647",10,"5,412774875","3,333333333",0,"1,666666667",0,1
2013,1,26,3,"0,2222222222",GNB,18,"0,5454545455",Datone Jones\JoneDa03,DE,1,"0,07142857143",23,"0,5",2018,UCLA,81,"0,5094339623",PAC12,0,0,"0,7945945946","195,8651129","0,6742982877",10,"5,424955572","1,666666667",0,"1,666666667",0,0
2013,1,27,3,"0,2222222222",HOU,16,"0,4848484848",DeAndre Hopkins\HopkDe00,WR,2,"0,1428571429",21,"0,1666666667",2018,Clemson,20,"0,1257861635",ACC,2,"0,1428571429","0,8342342342","177,5496888","0,4746003956",51,"12,25828891","8,5",1,"8,5",1,3
2013,1,28,3,"0,2222222222",DEN,21,"0,6363636364",Sylvester Williams\WillSy00,DT,4,"0,2857142857",24,"0,6666666667",2018,North Carolina,8,"0,05031446541",ACC,2,"0,1428571429","0,7045045045","175,8303652","0,4558541576",29,"8,591622239","4,833333333",1,"4,833333333",1,1
2013,1,30,3,"0,2222222222",STL,7,"0,2121212121",Alec Ogletree\OgleAl00,LB,5,"0,3571428571",21,"0,1666666667",2018,Georgia,23,"0,1446540881",SEC,1,"0,07142857143","0,7657657658","191,3080898","0,6246118648",44,"11,09162224","7,333333333",1,"7,333333333",1,2
2013,1,31,3,"0,2222222222",DAL,2,"0,06060606061",Travis Frederick\FredTr00,C,12,"0,8571428571",22,"0,3333333333",2017,Wisconsin,14,"0,08805031447",Big10,6,"0,4285714286","0,6702702703","165,3910006","0,3420310162",47,"12,69583687","9,4",2,"7,833333333",2,3
2013,2,35,4,"0,3333333333",PHI,6,"0,1818181818",Zach Ertz\ErtzZa00,TE,11,"0,7857142857",22,"0,3333333333",2018,Stanford,0,0,PAC12,0,0,"0,7333333333","179,0242977","0,4906784447",35,"9,591622239","5,833333333",1,"5,833333333",1,2
2013,2,36,4,"0,3333333333",DET,14,"0,4242424242",Darius Slay\SlayDa00,DB,6,"0,4285714286",22,"0,3333333333",2018,Mississippi St.,6,"0,03773584906",SEC,1,"0,07142857143","0,5315315315","186,8521179","0,5760272297",36,"9,758288905",6,1,6,1,2
2013,2,37,4,"0,3333333333",CIN,17,"0,5151515152",Giovani Bernard\BernGi00,RB,3,"0,2142857143",21,"0,1666666667",2018,North Carolina,8,"0,05031446541",ACC,2,"0,1428571429","0,7657657658","188,0405008","0,5889844815",36,"9,758288905",6,1,6,1,2
2013,2,38,4,"0,3333333333",SDG,10,"0,303030303",Manti Te'o\TeoxMa00,LB,5,"0,3571428571",22,"0,3333333333",2018,Notre Dame,15,"0,09433962264",IND,7,"0,5","0,8288288288","184,3705463","0,5489700011",20,"7,091622239","3,333333333",0,"3,333333333",0,1
2013,2,41,4,"0,3333333333",BUF,4,"0,1212121212",Robert Woods\WoodRo02,WR,2,"0,1428571429",21,"0,1666666667",2018,USC,1,"0,006289308176",PAC12,0,0,"0,7495495495","173,23167","0,4275198995",38,"10,09162224","6,333333333",1,"6,333333333",1,2
2013,2,42,4,"0,3333333333",OAK,30,"0,9090909091",Menelik Watson\WatsMe00,T,10,"0,7142857143",24,"0,6666666667",2017,Florida St.,48,"0,3018867925",ACC,2,"0,1428571429","0,7837837838","160,4273164","0,2879106603",11,"5,495836866","2,2",0,"1,833333333",0,0
2013,2,43,4,"0,3333333333",TAM,19,"0,5757575758",Johnthan Banks\BankJo00,DB,6,"0,4285714286",23,"0,5",2017,Mississippi St.,6,"0,03773584906",SEC,1,"0,07142857143","0,772972973","176,0081268","0,4577923391",12,"5,695836866","2,4",0,2,0,0
2013,2,47,4,"0,3333333333",DAL,2,"0,06060606061",Gavin Escobar\EscoGa00,TE,11,"0,7857142857",22,"0,3333333333",2017,San Diego St.,71,"0,4465408805",MW,5,"0,3571428571","0,6756756757","185,9114068","0,5657704089",2,"3,695836866","0,4",0,"0,3333333333",0,0
2013,2,48,4,"0,3333333333",PIT,15,"0,4545454545",Le'Veon Bell\BellLe00,RB,3,"0,2142857143",21,"0,1666666667",2017,Michigan St.,26,"0,1635220126",Big10,6,"0,4285714286","0,5351351351","189,3366758","0,6031170188",56,"14,49583687","11,2",2,"9,333333333",2,4
2013,2,49,5,"0,4444444444",NYG,20,"0,6060606061",Johnathan Hankins\HankJo00,DT,4,"0,2857142857",21,"0,1666666667",2018,Ohio St.,27,"0,1698113208",Big10,6,"0,4285714286","0,7585585586","179,1045091","0,4915530107",33,"9,258288905","5,5",1,"5,5",1,1
2013,2,52,5,"0,4444444444",NWE,13,"0,3939393939",Jamie Collins\CollJa00,LB,5,"0,3571428571",23,"0,5",2018,Southern Miss,45,"0,2830188679",CUSA,11,"0,7857142857","0,4918918919","220,3146097","0,9408775899",42,"10,75828891",7,1,7,1,2
2013,2,53,5,"0,4444444444",CIN,17,"0,5151515152",Margus Hunt\HuntMa00,DE,1,"0,07142857143",26,1,2018,SMU,36,"0,2264150943",AA,3,"0,2142857143","0,6108108108","206,2230735","0,7872338598",14,"6,091622239","2,333333333",0,"2,333333333",0,0
2013,2,54,5,"0,4444444444",MIA,27,"0,8181818182",Jamar Taylor\TaylJa01,DB,6,"0,4285714286",22,"0,3333333333",2018,Boise St.,9,"0,05660377358",MW,5,"0,3571428571","0,7927927928","193,7964739","0,6517433719",14,"6,091622239","2,333333333",0,"2,333333333",0,0
2013,2,55,5,"0,4444444444",SFO,25,"0,7575757576",Vance McDonald\McDoVa00,TE,11,"0,7857142857",23,"0,5",2018,Rice,73,"0,4591194969",CUSA,11,"0,7857142857","0,6216216216","197,9926448","0,6974953283",12,"5,758288905",2,0,2,0,0
2013,2,57,5,"0,4444444444",HOU,16,"0,4848484848",D.J. Swearinger\SweaDJ00,DB,6,"0,4285714286",22,"0,3333333333",2018,South Carolina,4,"0,0251572327",SEC,1,"0,07142857143","0,7189189189","194,5279827","0,659719205",28,"8,424955572","4,666666667",1,"4,666666667",1,1
2013,2,58,5,"0,4444444444",DEN,21,"0,6363636364",Montee Ball\BallMo00,RB,3,"0,2142857143",22,"0,3333333333",2014,Wisconsin,14,"0,08805031447",Big10,6,"0,4285714286","0,6144144144","178,4170383","0,4840573356",8,"5,216395324",4,0,"1,333333333",0,1
2013,2,60,5,"0,4444444444",ATL,29,"0,8787878788",Robert Alford\AlfoRo00,DB,6,"0,4285714286",24,"0,6666666667",2018,SE Louisiana,82,"0,5157232704",Div1,9,"0,6428571429","0,7117117117","198,5199171","0,703244317",24,"7,758288905",4,0,4,0,1
2013,2,62,5,"0,4444444444",SEA,8,"0,2424242424",Christine Michael\MichCh00,RB,3,"0,2142857143",22,"0,3333333333",2018,Texas A&M,70,"0,4402515723",SEC,1,"0,07142857143","0,5387387387","213,8591937","0,8704924893",9,"5,258288905","1,5",0,"1,5",0,0
2014,1,1,1,0,HOU,16,"0,4848484848",Jadeveon Clowney\ClowJa00,DE,1,"0,07142857143",21,"0,1666666667",2018,South Carolina,4,"0,0251572327",SEC,1,"0,07142857143","0,9640883978","207,1491054","0,7973306295",38,"10,89583687","7,6",1,"7,6",1,2
2014,1,2,1,0,STL,7,"0,2121212121",Greg Robinson\RobiGr01,T,10,"0,7142857143",21,"0,1666666667",2018,Auburn,56,"0,3522012579",SEC,1,"0,07142857143","0,9502762431","195,9078831","0,6747646225",21,"7,495836866","4,2",0,"4,2",0,1
2014,1,3,1,0,JAX,23,"0,696969697",Blake Bortles\BortBl00,QB,0,0,22,"0,3333333333",2018,Central Florida,34,"0,213836478",AA,3,"0,2142857143","0,6104972376","180,2445715","0,5039834113",44,"12,09583687","8,8",1,"8,8",1,3
2014,1,4,1,0,BUF,4,"0,1212121212",Sammy Watkins\WatkSa00,WR,2,"0,1428571429",21,"0,1666666667",2018,Clemson,20,"0,1257861635",ACC,2,"0,1428571429","0,908839779","189,6556853","0,6065952634",30,"9,295836866",6,1,6,1,2
2014,1,5,1,0,OAK,30,"0,9090909091",Khalil Mack\MackKh00,LB,5,"0,3571428571",23,"0,5",2018,Buffalo,108,"0,679245283",MAC,12,"0,8571428571","0,8812154696","213,5231824","0,8668288696",60,"15,29583687",12,2,12,2,4
2014,1,6,1,0,ATL,29,"0,8787878788",Jake Matthews\MattJa00,T,10,"0,7142857143",22,"0,3333333333",2018,Texas A&M,70,"0,4402515723",SEC,1,"0,07142857143","0,8950276243","189,2924689","0,6026350193",46,"12,49583687","9,2",1,"9,2",1,3
2014,1,7,1,0,TAM,19,"0,5757575758",Mike Evans\EvanMi00,WR,2,"0,1428571429",21,"0,1666666667",2018,Texas A&M,70,"0,4402515723",SEC,1,"0,07142857143","0,6657458564","188,8981316","0,5983354559",42,"11,69583687","8,4",1,"8,4",1,3
2014,1,8,1,0,CLE,22,"0,6666666667",Justin Gilbert\GilbJu00,DB,6,"0,4285714286",22,"0,3333333333",2016,Oklahoma St.,109,"0,6855345912",Big12,4,"0,2857142857","0,6546961326","189,968606","0,6100071202",4,"3,412774875","1,333333333",0,"0,8",0,0
2014,1,9,1,0,MIN,1,"0,0303030303",Anthony Barr\BarrAn00,LB,5,"0,3571428571",22,"0,3333333333",2018,UCLA,81,"0,5094339623",PAC12,0,0,"0,6933701657","198,9183276","0,7075882916",42,"11,69583687","8,4",1,"8,4",1,3
2014,1,11,2,"0,1111111111",TEN,12,"0,3636363636",Taylor Lewan\LewaTa00,T,10,"0,7142857143",23,"0,5",2018,Michigan,41,"0,2578616352",Big10,6,"0,4285714286","0,635359116","202,0950253","0,7422246632",38,"10,89583687","7,6",1,"7,6",1,2
2014,1,13,2,"0,1111111111",STL,7,"0,2121212121",Aaron Donald\DonaAa00,DT,4,"0,2857142857",23,"0,5",2018,Pittsburgh,110,"0,6918238994",ACC,2,"0,1428571429","0,6436464088","204,862642","0,7724007169",69,"17,09583687","13,8",2,"13,8",2,4
2014,1,14,2,"0,1111111111",CHI,11,"0,3333333333",Kyle Fuller\FullKy00,DB,6,"0,4285714286",22,"0,3333333333",2018,Virginia Tech,16,"0,1006289308",ACC,2,"0,1428571429","0,5414364641","191,1971571","0,6234023364",30,"9,295836866",6,1,6,1,2
2014,1,15,2,"0,1111111111",PIT,15,"0,4545454545",Ryan Shazier\ShazRy00,LB,5,"0,3571428571",22,"0,3333333333",2017,Ohio St.,27,"0,1698113208",Big10,6,"0,4285714286","0,6325966851","215,517591","0,8885744317",27,"9,498872196","6,75",1,"5,4",1,2
2014,1,16,2,"0,1111111111",DAL,2,"0,06060606061",Zack Martin\MartZa00,G,9,"0,6428571429",23,"0,5",2018,Notre Dame,15,"0,09433962264",IND,7,"0,5","0,6132596685","182,0679444","0,5238641262",54,"14,09583687","10,8",2,"10,8",2,3
2014,1,17,2,"0,1111111111",BAL,24,"0,7272727273",C.J. Mosley\MoslC.00,LB,5,"0,3571428571",22,"0,3333333333",2018,Alabama,80,"0,5031446541",SEC,1,"0,07142857143","0,6657458564","187,1911815","0,5797241295",59,"15,09583687","11,8",2,"11,8",2,4
2014,1,19,2,"0,1111111111",MIA,27,"0,8181818182",Ja'Wuan James\JameJa01,T,10,"0,7142857143",22,"0,3333333333",2018,Tennessee,58,"0,3647798742",SEC,1,"0,07142857143","0,4834254144","180,875174","0,5108590364",28,"8,895836866","5,6",1,"5,6",1,2
2014,1,20,2,"0,1111111111",NOR,31,"0,9393939394",Brandin Cooks\CookBr00,WR,2,"0,1428571429",20,0,2018,Oregon St.,85,"0,534591195",PAC12,0,0,"0,546961326","193,3170977","0,646516607",47,"12,69583687","9,4",2,"9,4",2,3
2014,1,21,3,"0,2222222222",GNB,18,"0,5454545455",Ha Ha Clinton-Dix\ClinHa00,DB,6,"0,4285714286",21,"0,1666666667",2018,Alabama,80,"0,5031446541",SEC,1,"0,07142857143","0,546961326","180,2500268","0,5040428919",28,"8,895836866","5,6",1,"5,6",1,2
2014,1,22,3,"0,2222222222",CLE,22,"0,6666666667",Johnny Manziel\ManzJo00,QB,0,0,21,"0,1666666667",2015,Texas A&M,70,"0,4402515723",SEC,1,"0,07142857143","0,5828729282","179,3632179","0,4943737809",5,"3,716395324","2,5",0,1,0,0
2014,1,25,3,"0,2222222222",SDG,10,"0,303030303",Jason Verrett\VerrJa00,DB,6,"0,4285714286",23,"0,5",2017,TCU,60,"0,3773584906",Big12,4,"0,2857142857","0,5276243094","201,3823248","0,734453902",12,"5,748872196",3,0,"2,4",0,1
2014,1,26,3,"0,2222222222",PHI,6,"0,1818181818",Marcus Smith\SmitMa03,LB,5,"0,3571428571",22,"0,3333333333",2018,Louisville,111,"0,6981132075",ACC,2,"0,1428571429","0,4502762431","193,333953","0,6467003848",3,"3,895836866","0,6",0,"0,6",0,0
2014,1,27,3,"0,2222222222",ARI,28,"0,8484848485",Deone Bucannon\BucaDe00,DB,6,"0,4285714286",22,"0,3333333333",2018,Washington St.,104,"0,6540880503",PAC12,0,0,"0,4779005525","193,4631637","0,6481092031",24,"8,095836866","4,8",1,"4,8",1,1
2014,1,28,3,"0,2222222222",CAR,3,"0,09090909091",Kelvin Benjamin\BenjKe00,WR,2,"0,1428571429",23,"0,5",2018,Florida St.,48,"0,3018867925",ACC,2,"0,1428571429","0,5856353591","184,302815","0,5482315089",22,"7,695836866","4,4",0,"4,4",0,1
2014,1,31,3,"0,2222222222",DEN,21,"0,6363636364",Bradley Roby\RobyBr00,DB,6,"0,4285714286",22,"0,3333333333",2018,Ohio St.,27,"0,1698113208",Big10,6,"0,4285714286","0,5994475138","193,3989381","0,6474089344",16,"6,495836866","3,2",0,"3,2",0,1
2014,2,33,4,"0,3333333333",HOU,16,"0,4848484848",Xavier Su'a-Filo\Sua-Xa00,G,9,"0,6428571429",23,"0,5",2018,UCLA,81,"0,5094339623",PAC12,0,0,"0,5276243094","179,3680785","0,4944267773",20,"7,295836866",4,0,4,0,1
2014,2,34,4,"0,3333333333",DAL,2,"0,06060606061",Demarcus Lawrence\LawrDe00,DE,1,"0,07142857143",22,"0,3333333333",2018,Boise St.,9,"0,05660377358",MW,5,"0,3571428571","0,5662983425","186,5366066","0,572587127",33,"9,895836866","6,6",1,"6,6",1,2
2014,2,35,4,"0,3333333333",CLE,22,"0,6666666667",Joel Bitonio\BitoJo00,G,9,"0,6428571429",22,"0,3333333333",2018,Nevada,54,"0,3396226415",MW,5,"0,3571428571","0,5055248619","198,850188","0,7068453476",26,"8,495836866","5,2",1,"5,2",1,1
2014,2,37,4,"0,3333333333",ATL,29,"0,8787878788",Ra'Shede Hageman\HageRa00,DT,4,"0,2857142857",24,"0,6666666667",2016,Minnesota,112,"0,7044025157",Big10,6,"0,4285714286","0,5607734807","204,0090545","0,7630938276",8,"4,746108208","2,666666667",0,"1,6",0,0
2014,2,40,4,"0,3333333333",DET,14,"0,4242424242",Kyle Van Noy\VanNKy00,LB,5,"0,3571428571",23,"0,5",2018,BYU,113,"0,7106918239",IND,7,"0,5","0,3895027624","185,3105367","0,559218964",22,"7,695836866","4,4",0,"4,4",0,1
2014,2,41,4,"0,3333333333",STL,7,"0,2121212121",Lamarcus Joyner\JoynLa00,DB,6,"0,4285714286",23,"0,5",2018,Florida St.,48,"0,3018867925",ACC,2,"0,1428571429","0,3453038674","179,5398078","0,4962991871",17,"6,695836866","3,4",0,"3,4",0,1
2014,2,42,4,"0,3333333333",PHI,6,"0,1818181818",Jordan Matthews\MattJo00,WR,2,"0,1428571429",22,"0,3333333333",2018,Vanderbilt,32,"0,2012578616",SEC,1,"0,07142857143","0,4668508287","190,2516032","0,6130927132",23,"7,895836866","4,6",0,"4,6",0,1
2014,2,43,4,"0,3333333333",NYG,20,"0,6060606061",Weston Richburg\RichWe00,OL,13,"0,9285714286",23,"0,5",2018,Colorado St.,114,"0,7169811321",MW,5,"0,3571428571","0,3674033149","173,8917637","0,4347170749",26,"8,495836866","5,2",1,"5,2",1,1
2014,2,44,4,"0,3333333333",BUF,4,"0,1212121212",Cyrus Kouandjio\KouaCy00,T,10,"0,7142857143",21,"0,1666666667",2018,Alabama,80,"0,5031446541",SEC,1,"0,07142857143","0,5","164,6782189","0,3342593697",7,"4,695836866","1,4",0,"1,4",0,0
2014,2,47,4,"0,3333333333",WAS,26,"0,7878787879",Trent Murphy\MurpTr00,LB,5,"0,3571428571",23,"0,5",2018,Stanford,0,0,PAC12,0,0,"0,4447513812","195,6729338","0,6722029084",18,"6,895836866","3,6",0,"3,6",0,1
2014,2,48,4,"0,3333333333",BAL,24,"0,7272727273",Timmy Jernigan\JernTi00,DT,4,"0,2857142857",21,"0,1666666667",2018,Florida St.,48,"0,3018867925",ACC,2,"0,1428571429","0,5055248619","178,2620918","0,4823679131",22,"7,695836866","4,4",0,"4,4",0,1
2014,2,49,5,"0,4444444444",NYJ,9,"0,2727272727",Jace Amaro\AmarJa00,TE,11,"0,7857142857",22,"0,3333333333",2016,Texas Tech,115,"0,7232704403",Big12,4,"0,2857142857","0,4309392265","196,1558578","0,6774683559",4,"3,412774875","1,333333333",0,"0,8",0,0
2014,2,52,5,"0,4444444444",ARI,28,"0,8484848485",Troy Niklas\NiklTr00,TE,11,"0,7857142857",21,"0,1666666667",2017,Notre Dame,15,"0,09433962264",IND,7,"0,5","0,4447513812","185,7320119","0,5638144191",1,"2,998872196","0,25",0,"0,2",0,0
2014,2,53,5,"0,4444444444",GNB,18,"0,5454545455",Davante Adams\AdamDa01,WR,2,"0,1428571429",21,"0,1666666667",2018,Fresno St.,116,"0,7295597484",MW,5,"0,3571428571","0,4889502762","193,979731","0,6537414724",34,"10,09583687","6,8",1,"6,8",1,2
2014,2,54,5,"0,4444444444",TEN,12,"0,3636363636",Bishop Sankey\SankBi00,RB,3,"0,2142857143",21,"0,1666666667",2015,Washington,62,"0,3899371069",PAC12,0,0,"0,4640883978","201,6179943","0,7370234686",6,"4,216395324",3,0,"1,2",0,1
2014,2,58,5,"0,4444444444",NOR,31,"0,9393939394",Stanley Jean-Baptiste\JeanSt00,DB,6,"0,4285714286",24,"0,6666666667",2017,Nebraska,28,"0,1761006289",Big10,6,"0,4285714286","0,3729281768","197,9406092","0,6969279704",0,"2,748872196",0,0,0,0,0
2014,2,59,5,"0,4444444444",IND,0,0,Jack Mewhort\MewhJa00,T,10,"0,7142857143",23,"0,5",2017,Ohio St.,27,"0,1698113208",Big10,6,"0,4285714286","0,4447513812","170,7109988","0,4000363576",23,"8,498872196","5,75",1,"4,6",1,2
2014,2,60,5,"0,4444444444",CAR,3,"0,09090909091",Kony Ealy\EalyKo00,DE,1,"0,07142857143",22,"0,3333333333",2018,Missouri,40,"0,251572327",SEC,1,"0,07142857143","0,5","190,0969163","0,6114061212",12,"5,695836866","2,4",0,"2,4",0,0
2014,2,61,5,"0,4444444444",JAX,23,"0,696969697",Allen Robinson\RobiAl02,WR,2,"0,1428571429",21,"0,1666666667",2018,Penn St.,61,"0,3836477987",Big10,6,"0,4285714286","0,4613259669","204,2921474","0,7661804641",26,"8,495836866","5,2",1,"5,2",1,1
2014,2,62,5,"0,4444444444",NWE,13,"0,3939393939",Jimmy Garoppolo\GaroJi00,QB,0,0,22,"0,3333333333",2018,East. Illinois,117,"0,7358490566",Div1,9,"0,6428571429","0,5","171,2859564","0,4063052717",10,"5,295836866",2,0,2,0,0
2014,2,64,5,"0,4444444444",SEA,8,"0,2424242424",Justin Britt\BritJu00,T,10,"0,7142857143",23,"0,5",2018,Missouri,40,"0,251572327",SEC,1,"0,07142857143","0,317679558","176,1187125","0,4589980841",35,"10,29583687",7,1,7,1,2
2015,1,1,1,0,TAM,19,"0,5757575758",Jameis Winston\WinsJa00,QB,0,0,21,"0,1666666667",2018,Florida St.,48,"0,3018867925",ACC,2,"0,1428571429","0,7430939227","161,5355033","0,2999935139",41,"12,9988722","10,25",2,"10,25",2,3
2015,1,2,1,0,TEN,12,"0,3636363636",Marcus Mariota\MariMa01,QB,0,0,21,"0,1666666667",2018,Oregon,31,"0,1949685535",PAC12,0,0,"0,6243093923","195,8167479","0,6737709514",40,"12,7488722",10,2,10,2,3
2015,1,4,1,0,OAK,30,"0,9090909091",Amari Cooper\CoopAm00,WR,2,"0,1428571429",21,"0,1666666667",2018,Alabama,80,"0,5031446541",SEC,1,"0,07142857143","0,861878453","193,1234587","0,64440531",31,"10,4988722","7,75",1,"7,75",1,2
2015,1,6,1,0,NYJ,9,"0,2727272727",Leonard Williams\WillLe02,DE,1,"0,07142857143",21,"0,1666666667",2018,USC,1,"0,006289308176",PAC12,0,0,"0,9723756906","184,7158862","0,552735333",33,"10,9988722","8,25",1,"8,25",1,2
2015,1,7,1,0,CHI,11,"0,3333333333",Kevin White\WhitKe00,WR,2,"0,1428571429",23,"0,5",2018,West Virginia,7,"0,04402515723",Big12,4,"0,2857142857","0,8121546961","198,1520998","0,6992339082",2,"3,248872196","0,5",0,"0,5",0,0
2015,1,8,1,0,ATL,29,"0,8787878788",Vic Beasley\BeasVi00,OLB,5,"0,3571428571",23,"0,5",2018,Clemson,20,"0,1257861635",ACC,2,"0,1428571429","0,726519337","221,0629758","0,9490372225",27,"9,498872196","6,75",1,"6,75",1,2
2015,1,11,2,"0,1111111111",MIN,1,"0,0303030303",Trae Waynes\WaynTr00,CB,6,"0,4285714286",23,"0,5",2018,Michigan St.,26,"0,1635220126",Big10,6,"0,4285714286","0,6491712707","184,1008398","0,5460293201",14,"6,248872196","3,5",0,"3,5",0,1
2015,1,12,2,"0,1111111111",CLE,22,"0,6666666667",Danny Shelton\ShelDa01,NT,4,"0,2857142857",22,"0,3333333333",2018,Washington,62,"0,3899371069",PAC12,0,0,"0,6685082873","180,2881054","0,5044580729",18,"7,248872196","4,5",0,"4,5",0,1
2015,1,13,2,"0,1111111111",NOR,31,"0,9393939394",Andrus Peat\PeatAn00,T,10,"0,7142857143",21,"0,1666666667",2018,Stanford,0,0,PAC12,0,0,"0,6298342541","181,7642578","0,5205529512",34,"11,2488722","8,5",1,"8,5",1,3
2015,1,15,2,"0,1111111111",SDG,10,"0,303030303",Melvin Gordon\GordMe00,RB,3,"0,2142857143",22,"0,3333333333",2018,Wisconsin,14,"0,08805031447",Big10,6,"0,4285714286","0,6160220994","196,3382489","0,6794570141",34,"11,2488722","8,5",1,"8,5",1,3
2015,1,16,2,"0,1111111111",HOU,16,"0,4848484848",Kevin Johnson\JohnKe04,CB,6,"0,4285714286",23,"0,5",2018,Wake Forest,47,"0,2955974843",ACC,2,"0,1428571429","0,5635359116","204,1239789","0,7643468786",9,"4,998872196","2,25",0,"2,25",0,0
2015,1,17,2,"0,1111111111",SFO,25,"0,7575757576",Arik Armstead\ArmsAr01,DT,4,"0,2857142857",21,"0,1666666667",2018,Oregon,31,"0,1949685535",PAC12,0,0,"0,6906077348","194,6347646","0,6608834762",12,"5,748872196",3,0,3,0,1
2015,1,18,2,"0,1111111111",KAN,5,"0,1515151515",Marcus Peters\PeteMa00,CB,6,"0,4285714286",22,"0,3333333333",2018,Washington,62,"0,3899371069",PAC12,0,0,"0,5276243094","188,4599307","0,5935576361",33,"10,9988722","8,25",1,"8,25",1,2
2015,1,19,2,"0,1111111111",CLE,22,"0,6666666667",Cameron Erving\ErviCa00,C,12,"0,8571428571",23,"0,5",2018,Florida St.,48,"0,3018867925",ACC,2,"0,1428571429","0,5055248619","193,1383588","0,6445677697",16,"6,748872196",4,0,4,0,1
2015,1,24,3,"0,2222222222",ARI,28,"0,8484848485",D.J. Humphries\HumpD.00,T,10,"0,7142857143",21,"0,1666666667",2018,Florida,51,"0,320754717",SEC,1,"0,07142857143","0,6215469613","182,1886323","0,5251800182",12,"5,748872196",3,0,3,0,1
2015,1,25,3,"0,2222222222",CAR,3,"0,09090909091",Shaq Thompson\ThomSh01,OLB,5,"0,3571428571",21,"0,1666666667",2018,Washington,62,"0,3899371069",PAC12,0,0,"0,4640883978","191,0191132","0,6214610768",20,"7,748872196",5,1,5,1,1
2015,1,27,3,"0,2222222222",DAL,2,"0,06060606061",Byron Jones\JoneBy00,CB,6,"0,4285714286",22,"0,3333333333",2018,Connecticut,25,"0,1572327044",AA,3,"0,2142857143","0,4447513812","225,7371851","1,000001357",26,"9,248872196","6,5",1,"6,5",1,2
2015,1,28,3,"0,2222222222",DET,14,"0,4242424242",Laken Tomlinson\TomlLa01,G,9,"0,6428571429",23,"0,5",2018,Duke,122,"0,7672955975",ACC,2,"0,1428571429","0,4447513812","179,0740249","0,4912206335",24,"8,748872196",6,1,6,1,2
2015,1,29,3,"0,2222222222",IND,0,0,Phillip Dorsett\DorsPh00,WR,2,"0,1428571429",22,"0,3333333333",2018,Miami (FL),37,"0,2327044025",ACC,2,"0,1428571429","0,5138121547","188,7761681","0,5970056558",11,"5,498872196","2,75",0,"2,75",0,0
2015,1,30,3,"0,2222222222",GNB,18,"0,5454545455",Damarious Randall\RandDa00,S,8,"0,5714285714",23,"0,5",2018,Arizona St.,119,"0,748427673",PAC12,0,0,"0,453038674","190,3215886","0,6138557824",18,"7,248872196","4,5",0,"4,5",0,1
2015,1,31,3,"0,2222222222",NOR,31,"0,9393939394",Stephone Anthony\AnthSt00,ILB,5,"0,3571428571",23,"0,5",2018,Clemson,20,"0,1257861635",ACC,2,"0,1428571429","0,4889502762","206,1081044","0,7859803214",10,"5,248872196","2,5",0,"2,5",0,0
2015,1,32,3,"0,2222222222",NWE,13,"0,3939393939",Malcom Brown\BrowMa01,DT,4,"0,2857142857",21,"0,1666666667",2018,Texas,74,"0,465408805",Big12,4,"0,2857142857","0,6132596685","183,0770261","0,5348664097",28,"9,748872196",7,1,7,1,2
2015,2,33,4,"0,3333333333",NYG,20,"0,6060606061",Landon Collins\CollLa00,S,8,"0,5714285714",21,"0,1666666667",2018,Alabama,80,"0,5031446541",SEC,1,"0,07142857143","0,6408839779","190,0498754","0,6108932219",29,"9,998872196","7,25",1,"7,25",1,2
2015,2,34,4,"0,3333333333",TAM,19,"0,5757575758",Donovan Smith\SmitDo02,T,10,"0,7142857143",22,"0,3333333333",2018,Penn St.,61,"0,3836477987",Big10,6,"0,4285714286","0,4475138122","192,7610974","0,6404543893",32,"10,7488722",8,1,8,1,2
2015,2,36,4,"0,3333333333",JAX,23,"0,696969697",T.J. Yeldon\YeldT.00,RB,3,"0,2142857143",21,"0,1666666667",2018,Alabama,80,"0,5031446541",SEC,1,"0,07142857143","0,4668508287","190,1540076","0,6120286027",19,"7,498872196","4,75",1,"4,75",1,1
2015,2,37,4,"0,3333333333",NYJ,9,"0,2727272727",Devin Smith\SmitDe04,WR,2,"0,1428571429",23,"0,5",2016,Ohio St.,27,"0,1698113208",Big10,6,"0,4285714286","0,4917127072","188,5438362","0,5944724799",1,"1,716395324","0,5",0,"0,25",0,0
2015,2,38,4,"0,3333333333",WAS,26,"0,7878787879",Preston Smith\SmitPr00,DE,1,"0,07142857143",22,"0,3333333333",2018,Mississippi St.,6,"0,03773584906",SEC,1,"0,07142857143","0,4889502762","203,4994171","0,7575371168",24,"8,748872196",6,1,6,1,2
2015,2,40,4,"0,3333333333",TEN,12,"0,3636363636",Dorial Green-Beckham\GreeDo00,WR,2,"0,1428571429",22,"0,3333333333",2016,Oklahoma,38,"0,2389937107",Big12,4,"0,2857142857","0,4944751381","187,8756163","0,5871867023",7,"4,716395324","3,5",0,"1,75",0,1
2015,2,42,4,"0,3333333333",ATL,29,"0,8787878788",Jalen Collins\CollJa02,CB,6,"0,4285714286",22,"0,3333333333",2016,LSU,2,"0,01257861635",SEC,1,"0,07142857143","0,6049723757","190,7019057","0,6180024799",3,"2,716395324","1,5",0,"0,75",0,0
2015,2,43,4,"0,3333333333",HOU,16,"0,4848484848",Benardrick McKinney\McKiBe00,ILB,5,"0,3571428571",22,"0,3333333333",2018,Mississippi St.,6,"0,03773584906",SEC,1,"0,07142857143","0,4917127072","202,0582393","0,7418235758",35,"11,4988722","8,75",1,"8,75",1,3
2015,2,47,4,"0,3333333333",PHI,6,"0,1818181818",Eric Rowe\RoweEr00,CB,6,"0,4285714286",22,"0,3333333333",2018,Utah,46,"0,2893081761",PAC12,0,0,"0,453038674","202,2096202","0,7434741216",7,"4,498872196","1,75",0,"1,75",0,0
2015,2,49,5,"0,4444444444",KAN,5,"0,1515151515",Mitch Morse\MorsMi00,G,9,"0,6428571429",23,"0,5",2018,Missouri,40,"0,251572327",SEC,1,"0,07142857143","0,4419889503","194,2951963","0,6571810736",23,"8,498872196","5,75",1,"5,75",1,2
2015,2,50,5,"0,4444444444",BUF,4,"0,1212121212",Ronald Darby\DarbRo00,CB,6,"0,4285714286",21,"0,1666666667",2018,Florida St.,48,"0,3018867925",ACC,2,"0,1428571429","0,5110497238","199,7906817","0,7170997981",16,"6,748872196",4,0,4,0,1
2015,2,51,5,"0,4444444444",CLE,22,"0,6666666667",Nate Orchard\OrchNa00,DE,1,"0,07142857143",22,"0,3333333333",2018,Utah,46,"0,2893081761",PAC12,0,0,"0,4640883978","182,8497505","0,532388364",9,"4,998872196","2,25",0,"2,25",0,0
2015,2,52,5,"0,4444444444",MIA,27,"0,8181818182",Jordan Phillips\PhilJo01,NT,4,"0,2857142857",22,"0,3333333333",2018,Oklahoma,38,"0,2389937107",Big12,4,"0,2857142857","0,5220994475","188,5383466","0,5944126253",14,"6,248872196","3,5",0,"3,5",0,1
2015,2,53,5,"0,4444444444",CIN,17,"0,5151515152",Jake Fisher\FishJa00,T,10,"0,7142857143",22,"0,3333333333",2018,Oregon,31,"0,1949685535",PAC12,0,0,"0,5110497238","203,3106436","0,7554788697",6,"4,248872196","1,5",0,"1,5",0,0
2015,2,54,5,"0,4444444444",DET,14,"0,4242424242",Ameer Abdullah\AbduAm00,RB,3,"0,2142857143",22,"0,3333333333",2018,Nebraska,28,"0,1761006289",Big10,6,"0,4285714286","0,4668508287","211,175801","0,841234752",11,"5,498872196","2,75",0,"2,75",0,0
2015,2,55,5,"0,4444444444",BAL,24,"0,7272727273",Maxx Williams\WillMa04,TE,11,"0,7857142857",21,"0,1666666667",2018,Minnesota,112,"0,7044025157",Big10,6,"0,4285714286","0,4392265193","188,0132109","0,5886869325",4,"3,748872196",1,0,1,0,0
2015,2,56,5,"0,4444444444",PIT,15,"0,4545454545",Senquez Golson\GolsSe00,CB,6,"0,4285714286",22,"0,3333333333",2015,Mississippi,50,"0,3144654088",SEC,1,"0,07142857143","0,4419889503","175,8451574","0,4560154408",,0,0,0,0,0,0
2015,2,57,5,"0,4444444444",STL,7,"0,2121212121",Rob Havenstein\HaveRo00,T,10,"0,7142857143",23,"0,5",2018,Wisconsin,14,"0,08805031447",Big10,6,"0,4285714286","0,4392265193","162,3807151","0,3092090807",28,"9,748872196",7,1,7,1,2
2015,2,59,5,"0,4444444444",DEN,21,"0,6363636364",Ty Sambrailo\SambTy00,T,10,"0,7142857143",23,"0,5",2018,Colorado St.,114,"0,7169811321",MW,5,"0,3571428571","0,3977900552","173,7399733","0,4330620642",8,"4,748872196",2,0,2,0,0
2015,2,61,5,"0,4444444444",TAM,19,"0,5757575758",Ali Marpet\MarpAl00,C,12,"0,8571428571",22,"0,3333333333",2018,Hobart,136,"0,8553459119",Div3,13,"0,9285714286","0,4226519337","194,6713992","0,6612829129",25,"8,998872196","6,25",1,"6,25",1,2
2015,2,62,5,"0,4444444444",GNB,18,"0,5454545455",Quinten Rollins\RollQu00,CB,6,"0,4285714286",23,"0,5",2017,Miami (OH),137,"0,8616352201",MAC,12,"0,8571428571","0,4751381215","182,3454119","0,5268894274",7,"4,412774875","2,333333333",0,"1,75",0,0
2015,2,63,5,"0,4444444444",SEA,8,"0,2424242424",Frank Clark\ClarFr01,DE,1,"0,07142857143",22,"0,3333333333",2018,Michigan,41,"0,2578616352",Big10,6,"0,4285714286","0,4419889503","210,0929479","0,8294281195",22,"8,248872196","5,5",1,"5,5",1,1
2015,2,64,5,"0,4444444444",NWE,13,"0,3939393939",Jordan Richards\RichJo00,S,8,"0,5714285714",22,"0,3333333333",2018,Stanford,0,0,PAC12,0,0,"0,3342541436","175,2022439","0,4490055856",9,"4,998872196","2,25",0,"2,25",0,0
2016,1,1,1,0,LAR,32,"0,9696969697",Jared Goff\GoffJa00,QB,0,0,21,"0,1666666667",2018,California,19,"0,1194968553",PAC12,0,0,"0,6906077348","159,4963449","0,2777600328",30,"12,07944154",10,2,10,2,3
2016,1,2,1,0,PHI,6,"0,1818181818",Carson Wentz\WentCa00,QB,0,0,23,"0,5",2018,North Dakota St.,118,"0,7421383648",Div1,9,"0,6428571429","0,6961325967","186,6506701","0,5738307913",32,"12,74610821","10,66666667",2,"10,66666667",2,3
2016,1,3,1,0,SDG,10,"0,303030303",Joey Bosa\BosaJo00,DE,1,"0,07142857143",21,"0,1666666667",2018,Ohio St.,27,"0,1698113208",Big10,6,"0,4285714286","0,7486187845","199,8956825","0,7182446495",22,"9,412774875","7,333333333",1,"7,333333333",1,2
2016,1,5,1,0,JAX,23,"0,696969697",Jalen Ramsey\RamsJa00,CB,6,"0,4285714286",21,"0,1666666667",2018,Florida St.,48,"0,3018867925",ACC,2,"0,1428571429","0,7790055249","208,911845","0,8165502435",31,"12,41277488","10,33333333",2,"10,33333333",2,3
2016,1,8,1,0,TEN,12,"0,3636363636",Jack Conklin\ConkJa00,T,10,"0,7142857143",22,"0,3333333333",2018,Michigan St.,26,"0,1635220126",Big10,6,"0,4285714286","0,6602209945","184,3731161","0,5489980203",26,"10,74610821","8,666666667",1,"8,666666667",1,3
2016,1,12,2,"0,1111111111",NOR,31,"0,9393939394",Sheldon Rankins\RankSh00,DT,4,"0,2857142857",22,"0,3333333333",2018,Louisville,111,"0,6981132075",ACC,2,"0,1428571429","0,6243093923","202,0360568","0,7415817141",15,"7,079441542",5,1,5,1,1
2016,1,16,2,"0,1111111111",DET,14,"0,4242424242",Taylor Decker\DeckTa00,T,10,"0,7142857143",23,"0,5",2018,Ohio St.,27,"0,1698113208",Big10,6,"0,4285714286","0,5276243094","173,082166","0,425889818",21,"9,079441542",7,1,7,1,2
2016,1,17,2,"0,1111111111",ATL,29,"0,8787878788",Keanu Neal\NealKe01,S,8,"0,5714285714",21,"0,1666666667",2018,Florida,51,"0,320754717",SEC,1,"0,07142857143","0,5165745856","195,8956246","0,6746309648",12,"6,079441542",4,0,4,0,1
2016,1,18,2,"0,1111111111",IND,0,0,Ryan Kelly\KellRy00,C,12,"0,8571428571",23,"0,5",2018,Alabama,80,"0,5031446541",SEC,1,"0,07142857143","0,5138121547","185,9589938","0,5662892625",16,"7,412774875","5,333333333",1,"5,333333333",1,1
2016,1,19,2,"0,1111111111",BUF,4,"0,1212121212",Shaq Lawson\LawsSh00,DE,1,"0,07142857143",22,"0,3333333333",2018,Clemson,20,"0,1257861635",ACC,2,"0,1428571429","0,6049723757","202,0379655","0,7416025252",9,"5,079441542",3,0,3,0,1
2016,1,20,2,"0,1111111111",NYJ,9,"0,2727272727",Darron Lee\LeexDa00,OLB,5,"0,3571428571",21,"0,1666666667",2018,Ohio St.,27,"0,1698113208",Big10,6,"0,4285714286","0,6243093923","206,0546119","0,7853970786",18,"8,079441542",6,1,6,1,2
2016,1,21,3,"0,2222222222",HOU,16,"0,4848484848",Will Fuller\FullWi01,WR,2,"0,1428571429",22,"0,3333333333",2018,Notre Dame,15,"0,09433962264",IND,7,"0,5","0,6215469613","181,9182252","0,5222316983",13,"6,412774875","4,333333333",0,"4,333333333",0,1
2016,1,22,3,"0,2222222222",WAS,26,"0,7878787879",Josh Doctson\DoctJo00,WR,2,"0,1428571429",23,"0,5",2018,TCU,60,"0,3773584906",Big12,4,"0,2857142857","0,5828729282","203,2290654","0,7545894011",9,"5,079441542",3,0,3,0,1
2016,1,26,3,"0,2222222222",DEN,21,"0,6363636364",Paxton Lynch\LyncPa00,QB,0,0,22,"0,3333333333",2017,Memphis,5,"0,03144654088",AA,3,"0,2142857143","0,5966850829","190,6428169","0,6173582192",2,"2,216395324",1,0,"0,6666666667",0,0
2016,1,27,3,"0,2222222222",GNB,18,"0,5454545455",Kenny Clark\ClarKe01,DT,4,"0,2857142857",20,0,2018,UCLA,81,"0,5094339623",PAC12,0,0,"0,544198895","186,4212393","0,5713292469",17,"7,746108208","5,666666667",1,"5,666666667",1,2
2016,1,28,3,"0,2222222222",SFO,25,"0,7575757576",Joshua Garnett\GarnJo00,G,9,"0,6428571429",22,"0,3333333333",2018,Stanford,0,0,PAC12,0,0,"0,5193370166","177,2436453","0,4712635227",5,"3,746108208","1,666666667",0,"1,666666667",0,0
2016,1,30,3,"0,2222222222",CAR,3,"0,09090909091",Vernon Butler\ButlVe00,DT,4,"0,2857142857",22,"0,3333333333",2018,Louisiana Tech,93,"0,5849056604",CUSA,11,"0,7857142857","0,5994475138","181,2559406","0,5150106349",3,"3,079441542",1,0,1,0,0
2016,1,31,3,"0,2222222222",SEA,8,"0,2424242424",Germain Ifedi\IfedGe00,G,9,"0,6428571429",22,"0,3333333333",2018,Texas A&M,70,"0,4402515723",SEC,1,"0,07142857143","0,5110497238","192,8885014","0,6418435087",19,"8,412774875","6,333333333",1,"6,333333333",1,2
2016,2,32,3,"0,2222222222",CLE,22,"0,6666666667",Emmanuel Ogbah\OgbaEm00,DE,1,"0,07142857143",22,"0,3333333333",2018,Oklahoma St.,109,"0,6855345912",Big12,4,"0,2857142857","0,5690607735","202,026426","0,741476707",17,"7,746108208","5,666666667",1,"5,666666667",1,2
2016,2,37,4,"0,3333333333",KAN,5,"0,1515151515",Chris Jones\JoneCh09,DT,4,"0,2857142857",22,"0,3333333333",2018,Mississippi St.,6,"0,03773584906",SEC,1,"0,07142857143","0,6049723757","180,1824778","0,5033063873",20,"8,746108208","6,666666667",1,"6,666666667",1,2
2016,2,38,4,"0,3333333333",MIA,27,"0,8181818182",Xavien Howard\HowaXa00,CB,6,"0,4285714286",23,"0,5",2018,Baylor,10,"0,06289308176",Big12,4,"0,2857142857","0,4392265193","180,5469324","0,5072801318",17,"7,746108208","5,666666667",1,"5,666666667",1,2
2016,2,39,4,"0,3333333333",TAM,19,"0,5757575758",Noah Spence\SpenNo00,DE,1,"0,07142857143",22,"0,3333333333",2018,East. Kentucky,147,"0,9245283019",Div1,9,"0,6428571429","0,546961326","195,9471545","0,6751928089",5,"3,746108208","1,666666667",0,"1,666666667",0,0
2016,2,40,4,"0,3333333333",NYG,20,"0,6060606061",Sterling Shepard\ShepSt00,WR,2,"0,1428571429",23,"0,5",2018,Oklahoma,38,"0,2389937107",Big12,4,"0,2857142857","0,5248618785","191,3317383","0,6248697106",16,"7,412774875","5,333333333",1,"5,333333333",1,1
2016,2,43,4,"0,3333333333",TEN,12,"0,3636363636",Austin Johnson\JohnAu01,NT,4,"0,2857142857",22,"0,3333333333",2018,Penn St.,61,"0,3836477987",Big10,6,"0,4285714286","0,5414364641","166,9564113","0,3590991013",9,"5,079441542",3,0,3,0,1
2016,2,44,4,"0,3333333333",OAK,30,"0,9090909091",Jihad Ward\WardJi02,DE,1,"0,07142857143",22,"0,3333333333",2018,Illinois,13,"0,08176100629",Big10,6,"0,4285714286","0,4585635359","177,947819","0,478941314",7,"4,412774875","2,333333333",0,"2,333333333",0,0
2016,2,45,4,"0,3333333333",TEN,12,"0,3636363636",Derrick Henry\HenrDe00,RB,3,"0,2142857143",22,"0,3333333333",2018,Alabama,80,"0,5031446541",SEC,1,"0,07142857143","0,591160221","206,6408187","0,7917886457",16,"7,412774875","5,333333333",1,"5,333333333",1,1
2016,2,46,4,"0,3333333333",DET,14,"0,4242424242",A'Shawn Robinson\RobiAS00,DT,4,"0,2857142857",21,"0,1666666667",2018,Alabama,80,"0,5031446541",SEC,1,"0,07142857143","0,6436464088","173,8826436","0,4346176361",15,"7,079441542",5,1,5,1,1
2016,2,47,4,"0,3333333333",NOR,31,"0,9393939394",Michael Thomas\ThomMi05,WR,2,"0,1428571429",23,"0,5",2018,Ohio St.,27,"0,1698113208",Big10,6,"0,4285714286","0,4972375691","193,7768079","0,6515289484",38,"14,74610821","12,66666667",2,"12,66666667",2,4
2016,2,48,4,"0,3333333333",GNB,18,"0,5454545455",Jason Spriggs\SpriJa00,T,10,"0,7142857143",22,"0,3333333333",2018,Indiana,148,"0,9308176101",Big10,6,"0,4285714286","0,4972375691","197,8327897","0,695752386",8,"4,746108208","2,666666667",0,"2,666666667",0,0
2016,2,49,5,"0,4444444444",SEA,8,"0,2424242424",Jarran Reed\ReedJa02,DT,4,"0,2857142857",23,"0,5",2018,Alabama,80,"0,5031446541",SEC,1,"0,07142857143","0,6022099448","178,8634597","0,4889247857",18,"8,079441542",6,1,6,1,2
2016,2,50,5,"0,4444444444",HOU,16,"0,4848484848",Nick Martin\MartNi00,G,9,"0,6428571429",23,"0,5",2018,Notre Dame,15,"0,09433962264",IND,7,"0,5","0,4723756906","169,4420294","0,38620045",13,"6,412774875","4,333333333",0,"4,333333333",0,1
2016,2,51,5,"0,4444444444",NYJ,9,"0,2727272727",Christian Hackenberg\HackCh01,QB,0,0,21,"0,1666666667",2016,Penn St.,61,"0,3836477987",Big10,6,"0,4285714286","0,4364640884","169,6089165","0,388020064",,0,0,0,0,0,0
2016,2,55,5,"0,4444444444",CIN,17,"0,5151515152",Tyler Boyd\BoydTy00,WR,2,"0,1428571429",21,"0,1666666667",2018,Pittsburgh,110,"0,6918238994",ACC,2,"0,1428571429","0,5220994475","175,6028845","0,4533738756",16,"7,412774875","5,333333333",1,"5,333333333",1,1
2016,2,56,5,"0,4444444444",CHI,11,"0,3333333333",Cody Whitehair\WhitCo03,G,9,"0,6428571429",24,"0,6666666667",2018,Kansas St.,92,"0,5786163522",Big12,4,"0,2857142857","0,6022099448","181,323746","0,5157499351",20,"8,746108208","6,666666667",1,"6,666666667",1,2
2016,2,58,5,"0,4444444444",PIT,15,"0,4545454545",Sean Davis\DaviSe00,CB,6,"0,4285714286",22,"0,3333333333",2018,Maryland,141,"0,8867924528",Big10,6,"0,4285714286","0,4337016575","200,282812","0,7224656244",15,"7,079441542",5,1,5,1,1
2016,2,60,5,"0,4444444444",NWE,13,"0,3939393939",Cyrus Jones\JoneCy00,CB,6,"0,4285714286",22,"0,3333333333",2018,Alabama,80,"0,5031446541",SEC,1,"0,07142857143","0,4309392265","177,9059868","0,4784852065",3,"3,079441542",1,0,1,0,0
2017,1,2,1,0,CHI,11,"0,3333333333",Mitchell Trubisky\TrubMi00,QB,0,0,23,"0,5",2018,North Carolina,8,"0,05031446541",ACC,2,"0,1428571429","0,635359116","176,3910562","0,4619675192",20,"11,21639532",10,2,10,2,3
2017,1,3,1,0,SFO,25,"0,7575757576",Solomon Thomas\ThomSo00,DE,1,"0,07142857143",21,"0,1666666667",2018,Stanford,0,0,PAC12,0,0,"0,7845303867","213,3010438","0,8644068339",12,"7,216395324",6,1,6,1,2
2017,1,6,1,0,NYJ,9,"0,2727272727",Jamal Adams\AdamJa00,S,8,"0,5714285714",21,"0,1666666667",2018,LSU,2,"0,01257861635",SEC,1,"0,07142857143","0,7154696133","185,4167729","0,5603772852",16,"9,216395324",8,1,8,1,2
2017,1,8,1,0,CAR,3,"0,09090909091",Christian McCaffrey\McCaCh01,RB,3,"0,2142857143",21,"0,1666666667",2018,Stanford,0,0,PAC12,0,0,"0,5552486188","190,0551726","0,6109509786",25,"13,71639532","12,5",2,"12,5",2,4
2017,1,10,1,0,KAN,5,"0,1515151515",Patrick Mahomes\MahoPa00,QB,0,0,21,"0,1666666667",2018,Texas Tech,115,"0,7232704403",Big12,4,"0,2857142857","0,5138121547","180,3533331","0,5051692677",23,"12,71639532","11,5",2,"11,5",2,4
2017,1,12,2,"0,1111111111",HOU,16,"0,4848484848",Deshaun Watson\WatsDe00,QB,0,0,21,"0,1666666667",2018,Clemson,20,"0,1257861635",ACC,2,"0,1428571429","0,544198895","183,604676","0,5406195155",23,"12,71639532","11,5",2,"11,5",2,4
2017,1,13,2,"0,1111111111",ARI,28,"0,8484848485",Haason Reddick\ReddHa00,LB,5,"0,3571428571",22,"0,3333333333",2018,Temple,43,"0,2704402516",AA,3,"0,2142857143","0,6436464088","207,6686559","0,8029954254",9,"5,716395324","4,5",0,"4,5",0,1
2017,1,14,2,"0,1111111111",PHI,6,"0,1818181818",Derek Barnett\BarnDe01,DE,1,"0,07142857143",21,"0,1666666667",2018,Tennessee,58,"0,3647798742",SEC,1,"0,07142857143","0,6022099448","187,5436673","0,583567375",6,"4,216395324",3,0,3,0,1
2017,1,17,2,"0,1111111111",WAS,26,"0,7878787879",Jonathan Allen\AlleJo01,DE,1,"0,07142857143",22,"0,3333333333",2018,Alabama,80,"0,5031446541",SEC,1,"0,07142857143","0,773480663","182,7004163","0,5307601339",10,"6,216395324",5,1,5,1,1
2017,1,19,2,"0,1111111111",TAM,19,"0,5757575758",O.J. Howard\HowaO.00,TE,11,"0,7857142857",22,"0,3333333333",2018,Alabama,80,"0,5031446541",SEC,1,"0,07142857143","0,6906077348","197,1484756","0,6882911292",7,"4,716395324","3,5",0,"3,5",0,1
2017,1,22,3,"0,2222222222",MIA,27,"0,8181818182",Charles Harris\HarrCh03,OLB,5,"0,3571428571",22,"0,3333333333",2018,Missouri,40,"0,251572327",SEC,1,"0,07142857143","0,3011049724","178,5834585","0,4858718588",5,"3,716395324","2,5",0,"2,5",0,0
2017,1,23,3,"0,2222222222",NYG,20,"0,6060606061",Evan Engram\EngrEv00,TE,11,"0,7857142857",23,"0,5",2018,Mississippi,50,"0,3144654088",SEC,1,"0,07142857143","0,5580110497","202,1856384","0,7432126417",10,"6,216395324",5,1,5,1,1
2017,1,24,3,"0,2222222222",OAK,30,"0,9090909091",Gareon Conley\ConlGa00,CB,6,"0,4285714286",22,"0,3333333333",2018,Ohio St.,27,"0,1698113208",Big10,6,"0,4285714286","0,5524861878","193,8177406","0,6519752484",5,"3,716395324","2,5",0,"2,5",0,0
2017,1,26,3,"0,2222222222",ATL,29,"0,8787878788",Takkarist McKinley\McKiTa00,DE,1,"0,07142857143",21,"0,1666666667",2018,UCLA,81,"0,5094339623",PAC12,0,0,"0,6077348066","189,9857807","0,6101943805",6,"4,216395324",3,0,3,0,1
2017,1,27,3,"0,2222222222",BUF,4,"0,1212121212",TreDavious White\WhitTr01,CB,6,"0,4285714286",22,"0,3333333333",2018,LSU,2,"0,01257861635",SEC,1,"0,07142857143","0,5497237569","175,3682141","0,4508152024",12,"7,216395324",6,1,6,1,2
2017,1,28,3,"0,2222222222",DAL,2,"0,06060606061",Taco Charlton\CharTa00,DE,1,"0,07142857143",22,"0,3333333333",2018,Michigan,41,"0,2578616352",Big10,6,"0,4285714286","0,6546961326","194,8534791","0,663268178",6,"4,216395324",3,0,3,0,1
2017,1,29,3,"0,2222222222",CLE,22,"0,6666666667",David Njoku\NjokDa00,TE,11,"0,7857142857",21,"0,1666666667",2018,Miami (FL),37,"0,2327044025",ACC,2,"0,1428571429","0,6464088398","209,3230565","0,8210337908",7,"4,716395324","3,5",0,"3,5",0,1
2017,1,30,3,"0,2222222222",PIT,15,"0,4545454545",T.J. Watt\WattT.00,OLB,5,"0,3571428571",22,"0,3333333333",2018,Wisconsin,14,"0,08805031447",Big10,6,"0,4285714286","0,5165745856","211,0964746","0,8403698354",18,"10,21639532",9,1,9,1,3
2017,2,33,4,"0,3333333333",GNB,18,"0,5454545455",Kevin King\KingKe01,CB,6,"0,4285714286",22,"0,3333333333",2018,Washington,62,"0,3899371069",PAC12,0,0,"0,4972375691","193,1108323","0,644267641",4,"3,216395324",2,0,2,0,0
2017,2,34,4,"0,3333333333",JAX,23,"0,696969697",Cam Robinson\RobiCa00,T,10,"0,7142857143",21,"0,1666666667",2018,Alabama,80,"0,5031446541",SEC,1,"0,07142857143","0,5745856354","177,4466626","0,4734770738",9,"5,716395324","4,5",0,"4,5",0,1
2017,2,35,4,"0,3333333333",SEA,8,"0,2424242424",Malik McDowell\McDoMa00,DT,4,"0,2857142857",21,"0,1666666667",2017,Michigan St.,26,"0,1635220126",Big10,6,"0,4285714286","0,6104972376","187,016043","0,5778145483",,0,0,0,0,0,0
2017,2,36,4,"0,3333333333",ARI,28,"0,8484848485",Budda Baker\BakeBu00,S,8,"0,5714285714",21,"0,1666666667",2018,Washington,62,"0,3899371069",PAC12,0,0,"0,5248618785","179,7269669","0,4983398321",14,"8,216395324",7,1,7,1,2
2017,2,38,4,"0,3333333333",LAC,33,1,Forrest Lamp\LampFo00,G,9,"0,6428571429",23,"0,5",2018,Western Kentucky,135,"0,8490566038",Div1,9,"0,6428571429","0,6049723757","190,3801559","0,6144943571",0,"1,216395324",0,0,0,0,0
2017,2,40,4,"0,3333333333",CAR,3,"0,09090909091",Curtis Samuel\SamuCu00,WR,2,"0,1428571429",21,"0,1666666667",2018,Ohio St.,27,"0,1698113208",Big10,6,"0,4285714286","0,4972375691","185,0542853","0,5564249875",7,"4,716395324","3,5",0,"3,5",0,1
2017,2,41,4,"0,3333333333",MIN,1,"0,0303030303",Dalvin Cook\CookDa01,RB,3,"0,2142857143",22,"0,3333333333",2018,Florida St.,48,"0,3018867925",ACC,2,"0,1428571429","0,6270718232","172,9622117","0,4245819247",10,"6,216395324",5,1,5,1,1
2017,2,42,4,"0,3333333333",NOR,31,"0,9393939394",Marcus Williams\WillMa06,S,8,"0,5714285714",20,0,2018,Utah,46,"0,2893081761",PAC12,0,0,"0,5","202,1505418","0,7428299742",12,"7,216395324",6,1,6,1,2
2017,2,43,4,"0,3333333333",PHI,6,"0,1818181818",Sidney Jones\JoneSi00,CB,6,"0,4285714286",21,"0,1666666667",2018,Washington,62,"0,3899371069",PAC12,0,0,"0,5055248619","179,2846626","0,4935172718",2,"2,216395324",1,0,1,0,0
2017,2,44,4,"0,3333333333",LAR,32,"0,9696969697",Gerald Everett\EverGe00,TE,11,"0,7857142857",23,"0,5",2018,South Alabama,149,"0,9371069182",SB,8,"0,5714285714","0,5248618785","202,210953","0,7434886535",6,"4,216395324",3,0,3,0,1
2017,2,46,4,"0,3333333333",IND,0,0,Quincy Wilson\WilsQu01,CB,6,"0,4285714286",21,"0,1666666667",2018,Florida,51,"0,320754717",SEC,1,"0,07142857143","0,4917127072","184,9903423","0,5557278001",5,"3,716395324","2,5",0,"2,5",0,0
2017,2,47,4,"0,3333333333",BAL,24,"0,7272727273",Tyus Bowser\BowsTy00,OLB,5,"0,3571428571",22,"0,3333333333",2018,Houston,150,"0,9433962264",AA,3,"0,2142857143","0,5110497238","205,5441914","0,7798318295",3,"2,716395324","1,5",0,"1,5",0,0
2017,2,52,5,"0,4444444444",CLE,22,"0,6666666667",DeShone Kizer\KizeDe00,QB,0,0,21,"0,1666666667",2018,Notre Dame,15,"0,09433962264",IND,7,"0,5","0,4889502762","165,5995071","0,3443044175",6,"4,216395324",3,0,3,0,1
2017,2,54,5,"0,4444444444",MIA,27,"0,8181818182",Raekwon McMillan\McMiRa02,LB,5,"0,3571428571",21,"0,1666666667",2018,Ohio St.,27,"0,1698113208",Big10,6,"0,4285714286","0,4254143646","191,3066748","0,6245964367",7,"4,716395324","3,5",0,"3,5",0,1
2017,2,55,5,"0,4444444444",NYG,20,"0,6060606061",Dalvin Tomlinson\TomlDa00,DT,4,"0,2857142857",23,"0,5",2018,Alabama,80,"0,5031446541",SEC,1,"0,07142857143","0,4502762431","183,2549525","0,5368063881",14,"8,216395324",7,1,7,1,2
2017,2,57,5,"0,4444444444",HOU,16,"0,4848484848",Zach Cunningham\CunnZa00,LB,5,"0,3571428571",22,"0,3333333333",2018,Vanderbilt,32,"0,2012578616",SEC,1,"0,07142857143","0,5331491713","194,2774997","0,6569881229",14,"8,216395324",7,1,7,1,2
2017,2,58,5,"0,4444444444",SEA,8,"0,2424242424",Ethan Pocic\PociEt00,C,12,"0,8571428571",22,"0,3333333333",2018,LSU,2,"0,01257861635",SEC,1,"0,07142857143","0,4779005525","176,2257924","0,4601656045",7,"4,716395324","3,5",0,"3,5",0,1
2017,2,60,5,"0,4444444444",DAL,2,"0,06060606061",Chidobe Awuzie\AwuzCh00,CB,6,"0,4285714286",22,"0,3333333333",2018,Colorado,63,"0,3962264151",PAC12,0,0,"0,5","196,8000011","0,68449162",8,"5,216395324",4,0,4,0,1
2017,2,63,5,"0,4444444444",BUF,4,"0,1212121212",Dion Dawkins\DawkDi00,G,9,"0,6428571429",23,"0,5",2018,Temple,43,"0,2704402516",AA,3,"0,2142857143","0,4944751381","181,0264648","0,5125085999",11,"6,716395324","5,5",1,"5,5",1,1
2017,2,64,5,"0,4444444444",CAR,3,"0,09090909091",Taylor Moton\MotoTa00,G,9,"0,6428571429",23,"0,5",2018,West. Michigan,77,"0,4842767296",MAC,12,"0,8571428571","0,4613259669","190,1354944","0,6118267484",11,"6,716395324","5,5",1,"5,5",1,1
2002,1,9,1,0,JAX,23,"0,696969697",John Henderson\HendJo99,DT,4,"0,2857142857",23,"0,5",2011,Tennessee,58,"0,3647798742",SEC,1,"0,07142857143",1,"185,8164791","0,5647353867",64,"11,51424428","6,4",1,"3,764705882",1,2
2002,1,8,1,0,DAL,2,"0,06060606061",Roy Williams\WillRo03,DB,6,"0,4285714286",22,"0,3333333333",2010,Oklahoma,38,"0,2389937107",Big12,4,"0,2857142857","0,9666666667","176,3215736","0,4612099326",56,"11,05053596","6,222222222",1,"3,294117647",1,2
2002,1,5,1,0,SDG,10,"0,303030303",Quentin Jammer\JammQu20,DB,6,"0,4285714286",23,"0,5",2013,Texas,74,"0,465408805",Big12,4,"0,2857142857","0,9666666667","187,241148","0,5802689274",52,"9,948739864","4,333333333",0,"3,058823529",0,1
2002,1,4,1,0,BUF,4,"0,1212121212",Mike Williams\WillMi22,T,10,"0,7142857143",22,"0,3333333333",2009,Texas,74,"0,465408805",Big12,4,"0,2857142857","0,9333333333","211,6954524","0,8469006478",25,"7,63723219","3,125",0,"1,470588235",0,1
2002,1,3,1,0,DET,14,"0,4242424242",Joey Harrington\HarrJo00,QB,0,0,23,"0,5",2007,Oregon,31,"0,1949685535",PAC12,0,0,"0,9","172,8128089","0,4229529461",30,"8,758288905",5,1,"1,764705882",1,1
2002,1,26,3,"0,2222222222",PHI,6,"0,1818181818",Lito Sheppard\ShepLi99,DB,6,"0,4285714286",21,"0,1666666667",2011,Florida,51,"0,320754717",SEC,1,"0,07142857143","0,8666666667","181,7542167","0,5204434707",44,"9,514244277","4,4",0,"2,588235294",0,1
2002,2,37,4,"0,3333333333",DAL,2,"0,06060606061",Andre Gurode\GuroAn20,G,9,"0,6428571429",24,"0,6666666667",2013,Colorado,63,"0,3962264151",PAC12,0,0,"0,8666666667","168,2924505","0,3736662884",65,"11,0320732","5,416666667",1,"3,823529412",1,1
2002,1,1,1,0,HOU,16,"0,4848484848",David Carr\CarrDa00,QB,0,0,23,"0,5",2012,Fresno St.,116,"0,7295597484",MW,5,"0,3571428571","0,8333333333","178,5893308","0,4859358863",44,"9,375278408",4,0,"2,588235294",0,1
2002,1,16,2,"0,1111111111",CLE,22,"0,6666666667",William Green\GreeWi01,RB,3,"0,2142857143",22,"0,3333333333",2005,Boston Col.,3,"0,01886792453",ACC,2,"0,1428571429","0,8","199,5557945","0,7145387613",14,"6,248872196","3,5",0,"0,8235294118",0,1
2002,1,23,3,"0,2222222222",OAK,30,"0,9090909091",Napoleon Harris\HarrNa20,LB,5,"0,3571428571",23,"0,5",2008,Northwestern,75,"0,4716981132",Big10,6,"0,4285714286","0,7666666667","193,1634755","0,6448416238",33,"8,873168798","4,714285714",1,"1,941176471",1,1
2002,2,39,4,"0,3333333333",SDG,10,"0,303030303",Toniu Fonoti\FonoTo20,G,9,"0,6428571429",20,0,2006,Nebraska,28,"0,1761006289",Big10,6,"0,4285714286","0,7666666667","180,0966494","0,5023705774",18,"6,895836866","3,6",0,"1,058823529",0,1
2002,2,52,5,"0,4444444444",BAL,24,"0,7272727273",Anthony Weaver\WeavAn20,DE,1,"0,07142857143",22,"0,3333333333",2008,Notre Dame,15,"0,09433962264",IND,7,"0,5","0,7333333333","196,2173556","0,6781388828",40,"9,873168798","5,714285714",1,"2,352941176",1,2
2002,2,58,5,"0,4444444444",PHI,6,"0,1818181818",Michael Lewis\LewiMi99,DB,6,"0,4285714286",22,"0,3333333333",2010,Colorado,63,"0,3962264151",PAC12,0,0,"0,7333333333","190,8974835","0,6201349167",43,"9,606091515","4,777777778",1,"2,529411765",1,1
2002,2,44,4,"0,3333333333",NOR,31,"0,9393939394",LeCharles Bentley\BentLe00,G,9,"0,6428571429",22,"0,3333333333",2005,Ohio St.,27,"0,1698113208",Big10,6,"0,4285714286","0,6666666667","172,2644755","0,4169743228",30,"10,2488722","7,5",1,"1,764705882",1,2
2002,1,20,2,"0,1111111111",GNB,18,"0,5454545455",Javon Walker\WalkJa00,WR,2,"0,1428571429",23,"0,5",2009,Florida St.,48,"0,3018867925",ACC,2,"0,1428571429","0,6333333333","205,6387429","0,7808627496",39,"9,38723219","4,875",1,"2,294117647",1,1
2002,2,49,5,"0,4444444444",ARI,28,"0,8484848485",Levar Fisher\FishLe20,LB,5,"0,3571428571",23,"0,5",2003,North Carolina St.,35,"0,2201257862",ACC,2,"0,1428571429","0,6333333333","177,7679929","0,4769806222",6,"4,216395324",3,0,"0,3529411765",0,1
2002,1,30,3,"0,2222222222",PIT,15,"0,4545454545",Kendall Simmons\SimmKe20,G,9,"0,6428571429",23,"0,5",2009,Auburn,56,"0,3522012579",SEC,1,"0,07142857143","0,6333333333","171,9519532","0,4135668097",38,"9,26223219","4,75",1,"2,235294118",1,1
2002,2,45,4,"0,3333333333",TEN,12,"0,3636363636",Tank Williams\WillTa20,DB,6,"0,4285714286",22,"0,3333333333",2007,Stanford,0,0,PAC12,0,0,"0,6333333333","207,3894876","0,7999515794",27,"8,258288905","4,5",0,"1,588235294",0,1
2002,2,41,4,"0,3333333333",CIN,17,"0,5151515152",Lamont Thompson\ThomLa21,DB,6,"0,4285714286",24,"0,6666666667",2007,Washington St.,104,"0,6540880503",PAC12,0,0,"0,6333333333","183,1175729","0,535308502",17,"6,591622239","2,833333333",0,1,0,1
2002,2,47,4,"0,3333333333",CLE,22,"0,6666666667",Andre' Davis\DaviAn01,WR,2,"0,1428571429",23,"0,5",2009,Virginia Tech,16,"0,1006289308",ACC,2,"0,1428571429","0,6","195,656034","0,6720186459",24,"7,51223219",3,0,"1,411764706",0,1
2002,2,42,4,"0,3333333333",IND,0,0,Larry Tripplett\TripLa20,DT,4,"0,2857142857",23,"0,5",2007,Washington,62,"0,3899371069",PAC12,0,0,"0,6","190,2718716","0,6133137053",26,"8,091622239","4,333333333",0,"1,529411765",0,1
2002,1,25,3,"0,2222222222",NOR,31,"0,9393939394",Charles Grant\GranCh21,DE,1,"0,07142857143",24,"0,6666666667",2009,Georgia,23,"0,1446540881",SEC,1,"0,07142857143","0,6","196,8672631","0,685224995",45,"10,13723219","5,625",1,"2,647058824",1,2
2002,2,34,4,"0,3333333333",CAR,3,"0,09090909091",DeShaun Foster\FostDe00,RB,3,"0,2142857143",22,"0,3333333333",2008,UCLA,81,"0,5094339623",PAC12,0,0,"0,6","193,079354","0,6439244252",31,"8,587454512","4,428571429",0,"1,823529412",0,1
2002,2,59,5,"0,4444444444",PHI,6,"0,1818181818",Sheldon Brown\BrowSh20,DB,6,"0,4285714286",23,"0,5",2012,South Carolina,4,"0,0251572327",SEC,1,"0,07142857143","0,6","184,6427654","0,5519380778",53,"10,19346023","4,818181818",1,"3,117647059",1,1
2002,1,31,3,"0,2222222222",STL,7,"0,2121212121",Robert Thomas\ThomRo20,LB,5,"0,3571428571",22,"0,3333333333",2008,UCLA,81,"0,5094339623",PAC12,0,0,"0,5666666667","191,5453034","0,6271982667",21,"7,158883083",3,0,"1,235294118",0,1
2002,1,29,3,"0,2222222222",CHI,11,"0,3333333333",Marc Colombo\ColoMa20,T,10,"0,7142857143",23,"0,5",2011,Boston Col.,3,"0,01886792453",ACC,2,"0,1428571429","0,5666666667","179,6275683","0,4972560626",42,"9,314244277","4,2",0,"2,470588235",0,1
2002,2,48,4,"0,3333333333",SDG,10,"0,303030303",Reche Caldwell\CaldRe00,WR,2,"0,1428571429",23,"0,5",2007,Florida,51,"0,320754717",SEC,1,"0,07142857143","0,5333333333","201,2089663","0,7325637286",20,"7,091622239","3,333333333",0,"1,176470588",0,1
2002,2,61,5,"0,4444444444",BUF,4,"0,1212121212",Ryan Denney\DennRy20,DE,1,"0,07142857143",25,"0,8333333333",2010,BYU,113,"0,7106918239",IND,7,"0,5","0,4666666667","193,2033727","0,6452766332",24,"7,494980404","2,666666667",0,"1,411764706",0,0
2002,1,32,3,"0,2222222222",WAS,26,"0,7878787879",Patrick Ramsey\RamsPa00,QB,0,0,23,"0,5",2008,Tulane,127,"0,7987421384",FCS,9,"0,6428571429","0,4666666667","173,2065061","0,4272455307",14,"6,158883083",2,0,"0,8235294118",0,0
2002,2,55,5,"0,4444444444",OAK,30,"0,9090909091",Doug Jolley\JollDo00,TE,11,"0,7857142857",23,"0,5",2006,BYU,113,"0,7106918239",IND,7,"0,5","0,4","202,3146871","0,744619694",11,"5,495836866","2,2",0,"0,6470588235",0,0
2002,2,38,4,"0,3333333333",MIN,1,"0,0303030303",Raonall Smith\SmitRa20,LB,5,"0,3571428571",23,"0,5",2007,Washington St.,104,"0,6540880503",PAC12,0,0,"0,3666666667","215,3956167","0,8872445143",7,"4,924955572","1,166666667",0,"0,4117647059",0,0
2002,2,54,5,"0,4444444444",SEA,8,"0,2424242424",Maurice Morris\MorrMa00,RB,3,"0,2142857143",22,"0,3333333333",2011,Oregon,31,"0,1949685535",PAC12,0,0,"0,3","189,0433939","0,5999192886",29,"8,014244277","2,9",0,"1,705882353",0,1
2002,2,65,6,"0,5555555556",NWE,13,"0,3939393939",Deion Branch\BranDe00,WR,2,"0,1428571429",23,"0,5",2012,Louisville,111,"0,6981132075",ACC,2,"0,1428571429","0,1","192,2592638","0,6349827654",52,"10,10255113","4,727272727",1,"3,058823529",1,1
2003,1,11,2,"0,1111111111",SEA,8,"0,2424242424",Marcus Trufant\TrufMa20,DB,6,"0,4285714286",22,"0,3333333333",2012,Washington St.,104,"0,6540880503",PAC12,0,0,"0,9333333333","193,8410421","0,6522293107",50,"10,11424428",5,1,"3,125",1,1
2003,1,8,1,0,CAR,3,"0,09090909091",Jordan Gross\GrosJo20,T,10,"0,7142857143",23,"0,5",2013,Utah,46,"0,2893081761",PAC12,0,0,"0,9333333333","194,435374","0,6587094675",72,"11,92073295","6,545454545",1,"4,5",1,2
2003,1,9,1,0,MIN,1,"0,0303030303",Kevin Williams\WillKe98,DT,4,"0,2857142857",23,"0,5",2015,Oklahoma St.,109,"0,6855345912",Big12,4,"0,2857142857","0,9","183,8568225","0,543368735",99,"13,45311506","7,615384615",1,"6,1875",1,2
2003,1,15,2,"0,1111111111",PHI,6,"0,1818181818",Jerome McDougle\McDoJe20,DE,1,"0,07142857143",24,"0,6666666667",2008,Miami (FL),37,"0,2327044025",ACC,2,"0,1428571429","0,8333333333","192,6047028","0,6387491782",3,"4,258288905","0,5",0,"0,1875",0,0
2003,1,26,3,"0,2222222222",SFO,25,"0,7575757576",Kwame Harris\HarrKw20,T,10,"0,7142857143",21,"0,1666666667",2008,Stanford,0,0,PAC12,0,0,"0,8","187,8218869","0,5866008762",23,"7,591622239","3,833333333",0,"1,4375",0,1
2003,1,31,3,"0,2222222222",OAK,30,"0,9090909091",Nnamdi Asomugha\AsomNn20,DB,6,"0,4285714286",22,"0,3333333333",2013,California,19,"0,1194968553",PAC12,0,0,"0,7666666667","191,8029005","0,6300069161",62,"11,01164204","5,636363636",1,"3,875",1,2
2003,2,33,4,"0,3333333333",CIN,17,"0,5151515152",Eric Steinbach\SteiEr20,G,9,"0,6428571429",23,"0,5",2010,Iowa,12,"0,07547169811",Big10,6,"0,4285714286","0,7666666667","205,3736241","0,7779720892",49,"10,63723219","6,125",1,"3,0625",1,2
2003,1,14,2,"0,1111111111",CHI,11,"0,3333333333",Michael Haynes\HaynMi20,DE,1,"0,07142857143",22,"0,3333333333",2005,Penn St.,61,"0,3836477987",Big10,6,"0,4285714286","0,7333333333","189,780855","0,6079600211",8,"4,746108208","2,666666667",0,"0,5",0,0
2003,2,37,4,"0,3333333333",NOR,31,"0,9393939394",Jon Stinchcomb\StinJo20,T,10,"0,7142857143",24,"0,6666666667",2010,Georgia,23,"0,1446540881",SEC,1,"0,07142857143","0,7333333333","198,5512723","0,7035861909",44,"10,01223219","5,5",1,"2,75",1,1
2003,1,29,3,"0,2222222222",GNB,18,"0,5454545455",Nick Barnett\BarnNi20,LB,5,"0,3571428571",22,"0,3333333333",2013,Oregon St.,85,"0,534591195",PAC12,0,0,"0,7333333333","201,5109614","0,7358564603",62,"11,01164204","5,636363636",1,"3,875",1,2
2003,2,42,4,"0,3333333333",SEA,8,"0,2424242424",Ken Hamlin\HamlKe20,DB,6,"0,4285714286",22,"0,3333333333",2010,Arkansas,44,"0,2767295597",SEC,1,"0,07142857143","0,7","186,0612748","0,567404459",39,"9,38723219","4,875",1,"2,4375",1,1
2003,2,36,4,"0,3333333333",NWE,13,"0,3939393939",Eugene Wilson\WilsEu20,DB,6,"0,4285714286",23,"0,5",2010,Illinois,13,"0,08176100629",Big10,6,"0,4285714286","0,6666666667","189,112387","0,6006715385",30,"8,26223219","3,75",0,"1,875",0,1
2003,2,48,4,"0,3333333333",BUF,4,"0,1212121212",Chris Kelsay\KelsCh21,DE,1,"0,07142857143",23,"0,5",2012,Nebraska,28,"0,1761006289",Big10,6,"0,4285714286","0,6666666667","206,23253","0,7873369669",47,"9,814244277","4,7",1,"2,9375",1,1
2003,2,54,5,"0,4444444444",ARI,28,"0,8484848485",Anquan Boldin\BoldAn00,WR,2,"0,1428571429",22,"0,3333333333",2016,Florida St.,48,"0,3018867925",ACC,2,"0,1428571429","0,6666666667","176,1402412","0,4592328177",86,"12,1875662","6,142857143",1,"5,375",1,2
2003,1,28,3,"0,2222222222",TEN,12,"0,3636363636",Andre Woolfolk\WoolAn20,DB,6,"0,4285714286",23,"0,5",2006,Oklahoma,38,"0,2389937107",Big12,4,"0,2857142857","0,6","194,2005036","0,6561486143",6,"4,248872196","1,5",0,"0,375",0,0
2003,1,30,3,"0,2222222222",SDG,10,"0,303030303",Sammy Davis\DaviSa21,DB,6,"0,4285714286",23,"0,5",2007,Texas A&M,70,"0,4402515723",SEC,1,"0,07142857143","0,6","194,615551","0,6606739856",12,"5,695836866","2,4",0,"0,75",0,0
2003,1,32,3,"0,2222222222",OAK,30,"0,9090909091",Tyler Brayton\BrayTy20,DE,1,"0,07142857143",23,"0,5",2011,Colorado,63,"0,3962264151",PAC12,0,0,"0,6","200,7390836","0,7274404742",40,"9,272758182","4,444444444",0,"2,5",0,1
2003,2,57,5,"0,4444444444",SFO,25,"0,7575757576",Anthony Adams\AdamAn20,DT,4,"0,2857142857",23,"0,5",2011,Penn St.,61,"0,3836477987",Big10,6,"0,4285714286","0,5666666667","185,4506793","0,5607469759",32,"8,383869293","3,555555556",0,2,0,1
2003,2,61,5,"0,4444444444",PHI,6,"0,1818181818",L.J. Smith\SmitL.00,TE,11,"0,7857142857",23,"0,5",2009,Rutgers,42,"0,2641509434",Big10,6,"0,4285714286","0,5666666667","209,2251884","0,8199667087",21,"7,158883083",3,0,"1,3125",0,1
2003,2,62,5,"0,4444444444",SDG,10,"0,303030303",Terrence Kiel\KielTe20,DB,6,"0,4285714286",22,"0,3333333333",2006,Texas A&M,70,"0,4402515723",SEC,1,"0,07142857143","0,5","201,0506954","0,7308380597",20,"7,748872196",5,1,"1,25",1,1
2003,1,19,2,"0,1111111111",BAL,24,"0,7272727273",Kyle Boller\BollKy00,QB,0,0,22,"0,3333333333",2011,California,19,"0,1194968553",PAC12,0,0,"0,4666666667","195,2744683","0,6678583345",17,"6,717202626","1,888888889",0,"1,0625",0,0
2003,2,35,4,"0,3333333333",CHI,11,"0,3333333333",Charles Tillman\TillCh20,DB,6,"0,4285714286",22,"0,3333333333",2015,Louisiana,155,"0,9748427673",SB,8,"0,5714285714","0,4","206,0696114","0,7855606217",68,"11,06849968","5,230769231",1,"4,25",1,1
2003,2,39,4,"0,3333333333",JAX,23,"0,696969697",Rashean Mathis\MathRa99,DB,6,"0,4285714286",23,"0,5",2015,Bethune-Cookman,157,"0,9874213836",MEAC,14,1,"0,3666666667","193,5460801","0,6490132627",66,"10,91465352","5,076923077",1,"4,125",1,1
2003,2,53,5,"0,4444444444",NYJ,9,"0,2727272727",Victor Hobson\HobsVi20,LB,5,"0,3571428571",23,"0,5",2008,Michigan,41,"0,2578616352",Big10,6,"0,4285714286","0,1666666667","191,423143","0,6258663202",26,"8,091622239","4,333333333",0,"1,625",0,1
2003,2,41,4,"0,3333333333",HOU,16,"0,4848484848",Bennie Joppru\JoppBe00,TE,11,"0,7857142857",23,"0,5",2007,Michigan,41,"0,2578616352",Big10,6,"0,4285714286","0,1","186,8868883","0,5764063402",0,"3,295836866",0,0,0,0,0
2004,1,2,1,0,OAK,30,"0,9090909091",Robert Gallery\GallRo20,T,10,"0,7142857143",24,"0,6666666667",2011,Iowa,12,"0,07547169811",Big10,6,"0,4285714286",1,"195,8812663","0,6744744127",38,"9,26223219","4,75",1,"2,533333333",1,1
2004,1,10,1,0,HOU,16,"0,4848484848",Dunta Robinson\RobiDu20,DB,6,"0,4285714286",22,"0,3333333333",2013,South Carolina,4,"0,0251572327",SEC,1,"0,07142857143","0,8666666667","191,2838534","0,6243476087",39,"9,014244277","3,9",0,"2,6",0,1
2004,1,13,2,"0,1111111111",BUF,4,"0,1212121212",Lee Evans\EvanLe00,WR,2,"0,1428571429",23,"0,5",2011,Wisconsin,14,"0,08805031447",Big10,6,"0,4285714286","0,8","182,4190665","0,5276925028",49,"10,63723219","6,125",1,"3,266666667",1,2
2004,1,16,2,"0,1111111111",PHI,6,"0,1818181818",Shawn Andrews\AndrSh55,G,9,"0,6428571429",21,"0,1666666667",2010,Arkansas,44,"0,2767295597",SEC,1,"0,07142857143","0,8","179,5972163","0,4969251274",38,"9,587454512","5,428571429",1,"2,533333333",1,1
2004,2,34,4,"0,3333333333",NYG,20,"0,6060606061",Chris Snee\SneeCh20,G,9,"0,6428571429",22,"0,3333333333",2013,Boston Col.,3,"0,01886792453",ACC,2,"0,1428571429","0,6666666667","186,236407","0,5693139721",75,"12,61424428","7,5",1,5,1,2
2004,2,43,4,"0,3333333333",DAL,2,"0,06060606061",Julius Jones\JoneJu01,RB,3,"0,2142857143",23,"0,5",2010,Notre Dame,15,"0,09433962264",IND,7,"0,5","0,6666666667","198,5312822","0,7033682339",38,"9,587454512","5,428571429",1,"2,533333333",1,1
2004,2,44,4,"0,3333333333",IND,0,0,Bob Sanders\SandBo99,DB,6,"0,4285714286",23,"0,5",2011,Iowa,12,"0,07547169811",Big10,6,"0,4285714286","0,6666666667","211,0698793","0,8400798595",32,"8,51223219",4,0,"2,133333333",0,1
2004,1,31,3,"0,2222222222",SFO,25,"0,7575757576",Rashaun Woods\WoodRa00,WR,2,"0,1428571429",23,"0,5",2004,Oklahoma St.,109,"0,6855345912",Big12,4,"0,2857142857","0,6333333333","199,7799126","0,7169823796",1,1,1,0,"0,06666666667",0,0
2004,2,57,5,"0,4444444444",TEN,12,"0,3636363636",Antwan Odom\OdomAn20,DE,1,"0,07142857143",22,"0,3333333333",2010,Alabama,80,"0,5031446541",SEC,1,"0,07142857143","0,6333333333","197,9466137","0,696993439",23,"7,444597369","3,285714286",0,"1,533333333",0,1
2004,2,41,4,"0,3333333333",DEN,21,"0,6363636364",Tatum Bell\BellTa00,RB,3,"0,2142857143",23,"0,5",2008,Oklahoma St.,109,"0,6855345912",Big12,4,"0,2857142857","0,6","191,8246186","0,6302437147",22,"7,695836866","4,4",0,"1,466666667",0,1
2004,2,48,4,"0,3333333333",MIN,1,"0,0303030303",Dontarrious Thomas\ThomDo21,LB,5,"0,3571428571",24,"0,6666666667",2008,Auburn,56,"0,3522012579",SEC,1,"0,07142857143","0,6","213,1695919","0,8629735795",8,"4,895836866","1,6",0,"0,5333333333",0,0
2004,2,35,4,"0,3333333333",SDG,10,"0,303030303",Igor Olshansky\OlshIg20,DE,1,"0,07142857143",22,"0,3333333333",2011,Oregon,31,"0,1949685535",PAC12,0,0,"0,6","205,2467282","0,77658851",37,"9,13723219","4,625",0,"2,466666667",0,1
2004,1,27,3,"0,2222222222",HOU,16,"0,4848484848",Jason Babin\BabiJa20,LB,5,"0,3571428571",24,"0,6666666667",2015,West. Michigan,77,"0,4842767296",MAC,12,"0,8571428571","0,6","205,99815","0,7847814599",46,"9,448739864","3,833333333",0,"3,066666667",0,1
2004,1,25,3,"0,2222222222",GNB,18,"0,5454545455",Ahmad Carroll\CarrAh20,DB,6,"0,4285714286",21,"0,1666666667",2009,Arkansas,44,"0,2767295597",SEC,1,"0,07142857143","0,6","196,1118021","0,6769880046",14,"6,091622239","2,333333333",0,"0,9333333333",0,0
2004,1,15,2,"0,1111111111",TAM,19,"0,5757575758",Michael Clayton\ClayMi00,WR,2,"0,1428571429",21,"0,1666666667",2011,LSU,2,"0,01257861635",SEC,1,"0,07142857143","0,5666666667","181,8226079","0,5211891574",22,"7,26223219","2,75",0,"1,466666667",0,0
2004,1,23,3,"0,2222222222",SEA,8,"0,2424242424",Marcus Tubbs\TubbMa20,DT,4,"0,2857142857",23,"0,5",2006,Texas,74,"0,465408805",Big12,4,"0,2857142857","0,5333333333","202,476445","0,7463833826",9,"5,079441542",3,0,"0,6",0,1
2004,2,46,4,"0,3333333333",SFO,25,"0,7575757576",Justin Smiley\SmilJu20,G,9,"0,6428571429",22,"0,3333333333",2010,Alabama,80,"0,5031446541",SEC,1,"0,07142857143","0,5333333333","190,8206817","0,6192975259",30,"8,444597369","4,285714286",0,2,0,1
2004,2,37,4,"0,3333333333",DET,14,"0,4242424242",Teddy Lehman\LehmTe20,LB,5,"0,3571428571",22,"0,3333333333",2008,Oklahoma,38,"0,2389937107",Big12,4,"0,2857142857","0,5","196,6232838","0,6825648251",9,"5,095836866","1,8",0,"0,6",0,0
2004,2,47,4,"0,3333333333",CHI,11,"0,3333333333",Tank Johnson\JohnTa20,DT,4,"0,2857142857",22,"0,3333333333",2010,Washington,62,"0,3899371069",PAC12,0,0,"0,5","204,2164956","0,7653556128",21,"7,158883083",3,0,"1,4",0,1
2004,2,51,5,"0,4444444444",BAL,24,"0,7272727273",Dwan Edwards\EdwaDw20,DT,4,"0,2857142857",23,"0,5",2015,Oregon St.,85,"0,534591195",PAC12,0,0,"0,4666666667","182,624575","0,5299332157",33,"8,365406531","2,75",0,"2,2",0,0
2004,2,60,5,"0,4444444444",NOR,31,"0,9393939394",Courtney Watson\WatsCo20,LB,5,"0,3571428571",23,"0,5",2005,Notre Dame,15,"0,09433962264",IND,7,"0,5","0,3","189,525827","0,6051793842",7,"4,716395324","3,5",0,"0,4666666667",0,1
2004,2,61,5,"0,4444444444",KAN,5,"0,1515151515",Kris Wilson\WilsKr00,TE,11,"0,7857142857",23,"0,5",2011,Pittsburgh,110,"0,6918238994",ACC,2,"0,1428571429",0,"202,4054787","0,7456096179",3,"4,88723219","0,375",0,"0,2",0,0
2005,1,24,3,"0,2222222222",GNB,18,"0,5454545455",Aaron Rodgers\RodgAa00,QB,0,0,21,"0,1666666667",2018,California,19,"0,1194968553",PAC12,0,0,"0,9666666667","177,3044793","0,4719268123",135,"15,6875662","9,642857143",2,"9,642857143",2,3
2005,1,15,2,"0,1111111111",KAN,5,"0,1515151515",Derrick Johnson\JohnDe25,LB,5,"0,3571428571",22,"0,3333333333",2018,Texas,74,"0,465408805",Big12,4,"0,2857142857","0,9666666667","177,8584602","0,4779670115",84,"12,04470906",6,1,6,1,2
2005,1,1,1,0,SFO,25,"0,7575757576",Alex Smith\SmitAl03,QB,0,0,21,"0,1666666667",2018,Utah,46,"0,2893081761",PAC12,0,0,"0,9","182,8201647","0,5320657819",96,"12,90185192","6,857142857",1,"6,857142857",1,2
2005,1,9,1,0,WAS,26,"0,7878787879",Carlos Rogers\RogeCa20,DB,6,"0,4285714286",24,"0,6666666667",2014,Auburn,56,"0,3522012579",SEC,1,"0,07142857143","0,9","205,3840701","0,778085985",49,"10,01424428","4,9",1,"3,5",1,1
2005,1,11,2,"0,1111111111",DAL,2,"0,06060606061",DeMarcus Ware\WareDe99,LB,5,"0,3571428571",23,"0,5",2016,Troy,65,"0,4088050314",SB,8,"0,5714285714","0,9","212,3160879","0,8536676001",100,"13,94873986","8,333333333",1,"7,142857143",1,2
2005,1,2,1,0,MIA,27,"0,8181818182",Ronnie Brown\BrowRo05,RB,3,"0,2142857143",23,"0,5",2014,Auburn,56,"0,3522012579",SEC,1,"0,07142857143","0,8666666667","195,2750972","0,6678651911",41,"9,214244277","4,1",0,"2,928571429",0,1
2005,1,18,2,"0,1111111111",MIN,1,"0,0303030303",Erasmus James\JameEr20,DE,1,"0,07142857143",22,"0,3333333333",2008,Wisconsin,14,"0,08805031447",Big10,6,"0,4285714286","0,8666666667","201,3552323","0,7341585054",6,"4,248872196","1,5",0,"0,4285714286",0,0
2005,1,29,3,"0,2222222222",IND,0,0,Marlin Jackson\JackMa22,DB,6,"0,4285714286",22,"0,3333333333",2009,Michigan,41,"0,2578616352",Big10,6,"0,4285714286","0,8666666667","194,3390433","0,6576591493",13,"5,895836866","2,6",0,"0,9285714286",0,0
2005,1,5,1,0,TAM,19,"0,5757575758",Cadillac Williams\WillCa02,RB,3,"0,2142857143",23,"0,5",2011,Auburn,56,"0,3522012579",SEC,1,"0,07142857143","0,8333333333","192,5515703","0,6381698598",26,"7,873168798","3,714285714",0,"1,857142857",0,1
2005,1,17,2,"0,1111111111",CIN,17,"0,5151515152",David Pollack\PollDa20,LB,5,"0,3571428571",23,"0,5",2006,Georgia,23,"0,1446540881",SEC,1,"0,07142857143","0,8333333333","214,141903","0,8735749428",3,"2,716395324","1,5",0,"0,2142857143",0,0
2005,1,19,2,"0,1111111111",STL,7,"0,2121212121",Alex Barron\BarrAl20,T,10,"0,7142857143",22,"0,3333333333",2010,Florida St.,48,"0,3018867925",ACC,2,"0,1428571429","0,8333333333","203,0007793","0,7521003378",28,"8,424955572","4,666666667",1,2,1,1
2005,1,14,2,"0,1111111111",CAR,3,"0,09090909091",Thomas Davis\DaviTh20,LB,5,"0,3571428571",22,"0,3333333333",2018,Georgia,23,"0,1446540881",SEC,1,"0,07142857143","0,7666666667","196,0918323","0,6767702685",75,"11,40185192","5,357142857",1,"5,357142857",1,1
2005,1,28,3,"0,2222222222",SDG,10,"0,303030303",Luis Castillo\CastLu20,DE,1,"0,07142857143",22,"0,3333333333",2011,Northwestern,75,"0,4716981132",Big10,6,"0,4285714286","0,7333333333","209,2724656","0,8204821844",32,"8,730311655","4,571428571",0,"2,285714286",0,1
2005,1,23,3,"0,2222222222",OAK,30,"0,9090909091",Fabian Washington\WashFa20,DB,6,"0,4285714286",22,"0,3333333333",2010,Nebraska,28,"0,1761006289",Big10,6,"0,4285714286","0,7333333333","203,4896272","0,757430375",21,"7,258288905","3,5",0,"1,5",0,1
2005,2,33,4,"0,3333333333",SFO,25,"0,7575757576",David Baas\BaasDa20,G,9,"0,6428571429",23,"0,5",2013,Michigan,41,"0,2578616352",Big10,6,"0,4285714286","0,7333333333","192,992369","0,6429760039",36,"8,828313737",4,0,"2,571428571",0,1
2005,1,22,3,"0,2222222222",BAL,24,"0,7272727273",Mark Clayton\ClayMa01,WR,2,"0,1428571429",23,"0,5",2011,Oklahoma,38,"0,2389937107",Big12,4,"0,2857142857","0,6666666667","188,1151517","0,5897984198",27,"8,016025941","3,857142857",0,"1,928571429",0,1
2005,2,56,5,"0,4444444444",DEN,21,"0,6363636364",Darrent Williams\WillDa21,DB,6,"0,4285714286",22,"0,3333333333",2006,Oklahoma St.,109,"0,6855345912",Big12,4,"0,2857142857","0,6666666667","192,5465806","0,6381154558",10,"6,216395324",5,1,"0,7142857143",1,1
2005,2,52,5,"0,4444444444",JAX,23,"0,696969697",Khalif Barnes\BarnKh20,T,10,"0,7142857143",23,"0,5",2017,Washington,62,"0,3899371069",PAC12,0,0,"0,6333333333","194,7017003","0,6616132937",51,"9,76080737","3,923076923",0,"3,642857143",0,1
2005,1,32,3,"0,2222222222",NWE,13,"0,3939393939",Logan Mankins\MankLo20,G,9,"0,6428571429",23,"0,5",2015,Fresno St.,116,"0,7295597484",MW,5,"0,3571428571","0,6333333333","181,5872151","0,5186226085",102,"14,64800568","9,272727273",1,"7,285714286",1,3
2005,2,36,4,"0,3333333333",TAM,19,"0,5757575758",Barrett Ruud\RuudBa20,LB,5,"0,3571428571",22,"0,3333333333",2012,Nebraska,28,"0,1761006289",Big10,6,"0,4285714286","0,6333333333","192,8829315","0,6417827781",41,"9,63723219","5,125",1,"2,928571429",1,1
2005,2,41,4,"0,3333333333",TEN,12,"0,3636363636",Michael Roos\RoosMi20,T,10,"0,7142857143",22,"0,3333333333",2014,East. Washington,159,1,FCS,9,"0,6428571429","0,6","176,9440518","0,467996976",62,"11,31424428","6,2",1,"4,428571429",1,2
2005,2,45,4,"0,3333333333",SEA,8,"0,2424242424",Lofa Tatupu\TatuLo99,LB,5,"0,3571428571",22,"0,3333333333",2010,USC,1,"0,006289308176",PAC12,0,0,"0,6","187,6638276","0,5848775143",49,"11,92495557","8,166666667",1,"3,5",1,2
2005,2,44,4,"0,3333333333",ARI,28,"0,8484848485",J.J. Arrington\ArriJ.00,RB,3,"0,2142857143",22,"0,3333333333",2008,California,19,"0,1194968553",PAC12,0,0,"0,6","195,8919401","0,6745907913",11,"5,498872196","2,75",0,"0,7857142857",0,0
2005,1,26,3,"0,2222222222",SEA,8,"0,2424242424",Chris Spencer\SpenCh21,C,12,"0,8571428571",23,"0,5",2014,Mississippi,50,"0,3144654088",SEC,1,"0,07142857143","0,5666666667","184,2501937","0,5476577652",37,"8,814244277","3,7",0,"2,642857143",0,1
2005,2,42,4,"0,3333333333",DAL,2,"0,06060606061",Kevin Burnett\BurnKe20,LB,5,"0,3571428571",22,"0,3333333333",2013,Tennessee,58,"0,3647798742",SEC,1,"0,07142857143","0,5333333333","202,6487809","0,7482624068",40,"9,272758182","4,444444444",0,"2,857142857",0,1
2005,2,35,4,"0,3333333333",PHI,6,"0,1818181818",Reggie Brown\BrowRe01,WR,2,"0,1428571429",24,"0,6666666667",2009,Georgia,23,"0,1446540881",SEC,1,"0,07142857143","0,5","203,827137","0,7611103331",20,"7,295836866",4,0,"1,428571429",0,1
2005,2,40,4,"0,3333333333",NOR,31,"0,9393939394",Josh Bullocks\BullJo20,DB,6,"0,4285714286",22,"0,3333333333",2010,Nebraska,28,"0,1761006289",Big10,6,"0,4285714286","0,5","192,6554888","0,6393029111",21,"7,258288905","3,5",0,"1,5",0,1
2005,2,48,4,"0,3333333333",CIN,17,"0,5151515152",Odell Thurman\ThurOd20,LB,5,"0,3571428571",22,"0,3333333333",2005,Georgia,23,"0,1446540881",SEC,1,"0,07142857143","0,4666666667","185,3057716","0,5591670093",7,7,7,1,"0,5",1,2
2005,2,46,4,"0,3333333333",MIA,27,"0,8181818182",Matt Roth\RothMa20,DE,1,"0,07142857143",22,"0,3333333333",2011,Iowa,12,"0,07547169811",Big10,6,"0,4285714286","0,4333333333","191,0909535","0,6222443709",27,"8,016025941","3,857142857",0,"1,928571429",0,1
2005,2,62,5,"0,4444444444",PIT,15,"0,4545454545",Bryant McFadden\McFaBr20,DB,6,"0,4285714286",23,"0,5",2011,Florida St.,48,"0,3018867925",ACC,2,"0,1428571429","0,4","197,8808577","0,6962764838",25,"7,730311655","3,571428571",0,"1,785714286",0,1
2005,2,59,5,"0,4444444444",ATL,29,"0,8787878788",Jonathan Babineaux\BabiJo20,DE,1,"0,07142857143",23,"0,5",2016,Iowa,12,"0,07547169811",Big10,6,"0,4285714286","0,4","182,6032223","0,5297004018",53,"10,0320732","4,416666667",0,"3,785714286",0,1
2005,2,60,5,"0,4444444444",IND,0,0,Kelvin Hayden\HaydKe20,DB,6,"0,4285714286",22,"0,3333333333",2012,Illinois,13,"0,08176100629",Big10,6,"0,4285714286","0,3333333333","182,4719234","0,5282688154",24,"7,51223219",3,0,"1,714285714",0,1
2005,2,64,5,"0,4444444444",BAL,24,"0,7272727273",Adam Terry\TerrAd20,T,10,"0,7142857143",23,"0,5",2010,Syracuse,11,"0,06918238994",ACC,2,"0,1428571429","0,3","170,9859505","0,4030342278",10,"5,424955572","1,666666667",0,"0,7142857143",0,0
2005,2,39,4,"0,3333333333",CHI,11,"0,3333333333",Mark Bradley\BradMa00,WR,2,"0,1428571429",23,"0,5",2009,Oklahoma,38,"0,2389937107",Big12,4,"0,2857142857","0,1666666667","204,0341696","0,7633676646",10,"5,295836866",2,0,"0,7142857143",0,0